2026-06-06 08:25:52,623 [INFO] Activator:170 - 


2026-06-06 08:25:52,625 [INFO] Activator:171 - !SESSION log4j initialized
2026-06-06 08:26:19,273 [INFO] McuFinderGlobals:39 - Set McuFinder mode to 2 (CubeIDE integrated)
2026-06-06 08:26:19,872 [INFO] ApplicationProperties:181 - Using Application install path: C:\ST\STM32CubeIDE_1.6.1\STM32CubeIDE\plugins\com.st.stm32cube.common.mx_6.2.1.202103241236
2026-06-06 08:26:19,887 [INFO] DbMcusXml:74 - Set database path to: C:\ST\STM32CubeIDE_1.6.1\STM32CubeIDE\plugins\com.st.stm32cube.common.mx_6.2.1.202103241236\\db\/mcu/
2026-06-06 08:26:19,891 [INFO] DbBoardsPdsc:56 - Set plugin database path to: C:\ST\STM32CubeIDE_1.6.1\STM32CubeIDE\plugins\com.st.stm32cube.common.mx_6.2.1.202103241236\\db\/plugins/boardmanager/
2026-06-06 08:26:19,892 [INFO] DbMcus:258 - Set plugin images path to: C:\ST\STM32CubeIDE_1.6.1\STM32CubeIDE\plugins\com.st.stm32cube.common.mx_6.2.1.202103241236\\db\/plugins/mcufinder/images/
2026-06-06 08:26:19,892 [INFO] DbBoards:264 - Set plugin images path to: C:\ST\STM32CubeIDE_1.6.1\STM32CubeIDE\plugins\com.st.stm32cube.common.mx_6.2.1.202103241236\\db\/plugins/mcufinder/images/
2026-06-06 08:26:19,895 [INFO] DbExamples:333 - Set plugin images path to: C:\ST\STM32CubeIDE_1.6.1\STM32CubeIDE\plugins\com.st.stm32cube.common.mx_6.2.1.202103241236\\db\/plugins/mcufinder/images/
2026-06-06 08:26:19,911 [INFO] DbMcusAds:85 - Set database path to: C:\Users\Admin\.stmcufinder\plugins\mcufinder//mcu/
2026-06-06 08:26:19,913 [INFO] DbMcusDocs:110 - Set database path to: C:\Users\Admin\.stmcufinder\plugins\mcufinder//mcu/
2026-06-06 08:26:19,915 [INFO] DbMcusJson:65 - Set database path to: C:\Users\Admin\.stmcufinder\plugins\mcufinder//mcu/
2026-06-06 08:26:19,916 [INFO] DbBoardsDocs:110 - Set database path to: C:\Users\Admin\.stmcufinder\plugins\mcufinder//mcu/
2026-06-06 08:26:19,917 [INFO] DbBoardsJson:58 - Set database path to: C:\Users\Admin\.stmcufinder\plugins\mcufinder//mcu/
2026-06-06 08:26:19,926 [INFO] CrossReferenceDbSqlite:196 - Set database path to: C:\Users\Admin\.stmcufinder\plugins\mcufinder//mcu/cs/
2026-06-06 08:26:19,929 [INFO] DbExamplesSqlite:690 - Set database path to: C:\Users\Admin\.stmcufinder\plugins\mcufinder//mcu/
2026-06-06 08:26:20,056 [INFO] RulesReader:52 - Compatibility file has been processed (237 Rules)
2026-06-06 08:26:20,161 [INFO] MicroXplorer:622 - Detected Java Version = 11.0.9.1
2026-06-06 08:26:20,162 [INFO] DbMcusXml:74 - Set database path to: C:\ST\STM32CubeIDE_1.6.1\STM32CubeIDE\plugins\com.st.stm32cube.common.mx_6.2.1.202103241236\\db\/mcu/
2026-06-06 08:26:20,162 [INFO] DbBoardsPdsc:56 - Set plugin database path to: C:\ST\STM32CubeIDE_1.6.1\STM32CubeIDE\plugins\com.st.stm32cube.common.mx_6.2.1.202103241236\\db\/plugins/boardmanager/
2026-06-06 08:26:20,162 [INFO] DbMcus:258 - Set plugin images path to: C:\ST\STM32CubeIDE_1.6.1\STM32CubeIDE\plugins\com.st.stm32cube.common.mx_6.2.1.202103241236\\db\/plugins/mcufinder/images/
2026-06-06 08:26:20,162 [INFO] DbBoards:264 - Set plugin images path to: C:\ST\STM32CubeIDE_1.6.1\STM32CubeIDE\plugins\com.st.stm32cube.common.mx_6.2.1.202103241236\\db\/plugins/mcufinder/images/
2026-06-06 08:26:20,163 [INFO] DbExamples:333 - Set plugin images path to: C:\ST\STM32CubeIDE_1.6.1\STM32CubeIDE\plugins\com.st.stm32cube.common.mx_6.2.1.202103241236\\db\/plugins/mcufinder/images/
2026-06-06 08:26:20,163 [WARN] DbFile:35 - Overriding database path with different value: C:\Users\Admin\.stmcufinder\plugins\mcufinder/ => C:\Users\Admin\.stmcufinder\plugins\mcufinder
2026-06-06 08:26:20,163 [INFO] DbMcusAds:85 - Set database path to: C:\Users\Admin\.stmcufinder\plugins\mcufinder//mcu/
2026-06-06 08:26:20,163 [WARN] DbFile:35 - Overriding database path with different value: C:\Users\Admin\.stmcufinder\plugins\mcufinder/ => C:\Users\Admin\.stmcufinder\plugins\mcufinder
2026-06-06 08:26:20,163 [INFO] DbMcusDocs:110 - Set database path to: C:\Users\Admin\.stmcufinder\plugins\mcufinder//mcu/
2026-06-06 08:26:20,163 [WARN] DbFile:35 - Overriding database path with different value: C:\Users\Admin\.stmcufinder\plugins\mcufinder/ => C:\Users\Admin\.stmcufinder\plugins\mcufinder
2026-06-06 08:26:20,163 [INFO] DbMcusJson:65 - Set database path to: C:\Users\Admin\.stmcufinder\plugins\mcufinder//mcu/
2026-06-06 08:26:20,164 [WARN] DbFile:35 - Overriding database path with different value: C:\Users\Admin\.stmcufinder\plugins\mcufinder/ => C:\Users\Admin\.stmcufinder\plugins\mcufinder
2026-06-06 08:26:20,164 [INFO] DbBoardsDocs:110 - Set database path to: C:\Users\Admin\.stmcufinder\plugins\mcufinder//mcu/
2026-06-06 08:26:20,164 [WARN] DbFile:35 - Overriding database path with different value: C:\Users\Admin\.stmcufinder\plugins\mcufinder/ => C:\Users\Admin\.stmcufinder\plugins\mcufinder
2026-06-06 08:26:20,164 [INFO] DbBoardsJson:58 - Set database path to: C:\Users\Admin\.stmcufinder\plugins\mcufinder//mcu/
2026-06-06 08:26:20,164 [WARN] DbFile:35 - Overriding database path with different value: C:\Users\Admin\.stmcufinder\plugins\mcufinder/ => C:\Users\Admin\.stmcufinder\plugins\mcufinder
2026-06-06 08:26:20,164 [WARN] DbFile:35 - Overriding database path with different value: C:\Users\Admin\.stmcufinder\plugins\mcufinder/ => C:\Users\Admin\.stmcufinder\plugins\mcufinder
2026-06-06 08:26:20,164 [INFO] CrossReferenceDbSqlite:196 - Set database path to: C:\Users\Admin\.stmcufinder\plugins\mcufinder//mcu/cs/
2026-06-06 08:26:20,164 [WARN] DbFile:35 - Overriding database path with different value: C:\Users\Admin\.stmcufinder\plugins\mcufinder/ => C:\Users\Admin\.stmcufinder\plugins\mcufinder
2026-06-06 08:26:20,164 [INFO] DbExamplesSqlite:690 - Set database path to: C:\Users\Admin\.stmcufinder\plugins\mcufinder//mcu/
2026-06-06 08:26:20,240 [INFO] MainPanel:204 - HeapMemory: 268435456
2026-06-06 08:26:20,330 [INFO] DbMcusXml:74 - Set database path to: C:\ST\STM32CubeIDE_1.6.1\STM32CubeIDE\plugins\com.st.stm32cube.common.mx_6.2.1.202103241236\\db\/mcu/
2026-06-06 08:26:20,330 [INFO] DbBoardsPdsc:56 - Set plugin database path to: C:\ST\STM32CubeIDE_1.6.1\STM32CubeIDE\plugins\com.st.stm32cube.common.mx_6.2.1.202103241236\\db\/plugins/boardmanager/
2026-06-06 08:26:20,330 [INFO] DbMcus:258 - Set plugin images path to: C:\ST\STM32CubeIDE_1.6.1\STM32CubeIDE\plugins\com.st.stm32cube.common.mx_6.2.1.202103241236\\db\/plugins/mcufinder/images/
2026-06-06 08:26:20,331 [INFO] DbBoards:264 - Set plugin images path to: C:\ST\STM32CubeIDE_1.6.1\STM32CubeIDE\plugins\com.st.stm32cube.common.mx_6.2.1.202103241236\\db\/plugins/mcufinder/images/
2026-06-06 08:26:20,331 [INFO] DbExamples:333 - Set plugin images path to: C:\ST\STM32CubeIDE_1.6.1\STM32CubeIDE\plugins\com.st.stm32cube.common.mx_6.2.1.202103241236\\db\/plugins/mcufinder/images/
2026-06-06 08:26:20,331 [WARN] DbFile:35 - Overriding database path with different value: C:\Users\Admin\.stmcufinder\plugins\mcufinder/ => C:\Users\Admin\.stmcufinder\plugins\mcufinder
2026-06-06 08:26:20,331 [INFO] DbMcusAds:85 - Set database path to: C:\Users\Admin\.stmcufinder\plugins\mcufinder//mcu/
2026-06-06 08:26:20,332 [WARN] DbFile:35 - Overriding database path with different value: C:\Users\Admin\.stmcufinder\plugins\mcufinder/ => C:\Users\Admin\.stmcufinder\plugins\mcufinder
2026-06-06 08:26:20,332 [INFO] DbMcusDocs:110 - Set database path to: C:\Users\Admin\.stmcufinder\plugins\mcufinder//mcu/
2026-06-06 08:26:20,332 [WARN] DbFile:35 - Overriding database path with different value: C:\Users\Admin\.stmcufinder\plugins\mcufinder/ => C:\Users\Admin\.stmcufinder\plugins\mcufinder
2026-06-06 08:26:20,332 [INFO] DbMcusJson:65 - Set database path to: C:\Users\Admin\.stmcufinder\plugins\mcufinder//mcu/
2026-06-06 08:26:20,332 [WARN] DbFile:35 - Overriding database path with different value: C:\Users\Admin\.stmcufinder\plugins\mcufinder/ => C:\Users\Admin\.stmcufinder\plugins\mcufinder
2026-06-06 08:26:20,332 [INFO] DbBoardsDocs:110 - Set database path to: C:\Users\Admin\.stmcufinder\plugins\mcufinder//mcu/
2026-06-06 08:26:20,332 [WARN] DbFile:35 - Overriding database path with different value: C:\Users\Admin\.stmcufinder\plugins\mcufinder/ => C:\Users\Admin\.stmcufinder\plugins\mcufinder
2026-06-06 08:26:20,332 [INFO] DbBoardsJson:58 - Set database path to: C:\Users\Admin\.stmcufinder\plugins\mcufinder//mcu/
2026-06-06 08:26:20,332 [WARN] DbFile:35 - Overriding database path with different value: C:\Users\Admin\.stmcufinder\plugins\mcufinder/ => C:\Users\Admin\.stmcufinder\plugins\mcufinder
2026-06-06 08:26:20,333 [WARN] DbFile:35 - Overriding database path with different value: C:\Users\Admin\.stmcufinder\plugins\mcufinder/ => C:\Users\Admin\.stmcufinder\plugins\mcufinder
2026-06-06 08:26:20,333 [INFO] CrossReferenceDbSqlite:196 - Set database path to: C:\Users\Admin\.stmcufinder\plugins\mcufinder//mcu/cs/
2026-06-06 08:26:20,333 [WARN] DbFile:35 - Overriding database path with different value: C:\Users\Admin\.stmcufinder\plugins\mcufinder/ => C:\Users\Admin\.stmcufinder\plugins\mcufinder
2026-06-06 08:26:20,333 [INFO] DbExamplesSqlite:690 - Set database path to: C:\Users\Admin\.stmcufinder\plugins\mcufinder//mcu/
2026-06-06 08:26:20,355 [INFO] ApplicationProperties:181 - Using Application install path: C:\ST\STM32CubeIDE_1.6.1\STM32CubeIDE\plugins\com.st.stm32cube.common.mx_6.2.1.202103241236
2026-06-06 08:26:20,357 [INFO] PluginManage:178 - Search for loadable plugins [exclusion list=, ]
2026-06-06 08:26:20,358 [INFO] PluginManage:292 - Check plugin analytics
2026-06-06 08:26:20,523 [INFO] AnalyticsPlugin:233 - Accepted Software Licenses: STM32CubeMX.5.2.0,STM32CubeMX.6.2.1,STM32CubeMX.6.6.1,STM32CubeMX.6.13.0
2026-06-06 08:26:20,524 [INFO] AnalyticsPlugin:235 - Accepted CMSIS Pack Licenses: 
2026-06-06 08:26:20,524 [INFO] AnalyticsPlugin:237 - Accepted Firmware Licenses: FW.F4.1.27.0,FW.L4.1.18.0,FW.F4.1.28.0
2026-06-06 08:26:20,525 [INFO] PluginManage:342 - Loaded plugin analytics (category:tool,tabindex:-1)
2026-06-06 08:26:20,525 [INFO] PluginManage:292 - Check plugin clock
2026-06-06 08:26:20,556 [INFO] PluginManage:342 - Loaded plugin clock (category:base,tabindex:2)
2026-06-06 08:26:20,556 [INFO] PluginManage:292 - Check plugin ddr
2026-06-06 08:26:20,559 [INFO] PluginManage:342 - Loaded plugin ddr (category:tool,tabindex:6)
2026-06-06 08:26:20,559 [INFO] PluginManage:292 - Check plugin filemanager
2026-06-06 08:26:20,733 [INFO] PluginManage:342 - Loaded plugin filemanager (category:base,tabindex:10)
2026-06-06 08:26:20,733 [INFO] PluginManage:292 - Check plugin ipmanager
2026-06-06 08:26:20,743 [INFO] PluginManage:342 - Loaded plugin ipmanager (category:base,tabindex:5)
2026-06-06 08:26:20,743 [INFO] PluginManage:292 - Check plugin pinoutandconfiguration
2026-06-06 08:26:20,769 [INFO] PluginManage:342 - Loaded plugin pinoutandconfiguration (category:base,tabindex:1)
2026-06-06 08:26:20,769 [INFO] PluginManage:292 - Check plugin pinoutconfig
2026-06-06 08:26:20,813 [INFO] PluginManage:342 - Loaded plugin pinoutconfig (category:base,tabindex:0)
2026-06-06 08:26:20,813 [INFO] PluginManage:292 - Check plugin power
2026-06-06 08:26:20,844 [INFO] PluginManage:342 - Loaded plugin power (category:power,tabindex:4)
2026-06-06 08:26:20,845 [INFO] PluginManage:292 - Check plugin projectmanager
2026-06-06 08:26:20,863 [INFO] PluginManage:342 - Loaded plugin projectmanager (category:projectmanager,tabindex:3)
2026-06-06 08:26:20,864 [INFO] PluginManage:292 - Check plugin thirdparty
2026-06-06 08:26:21,206 [INFO] PluginManage:342 - Loaded plugin thirdparty (category:base,tabindex:-1)
2026-06-06 08:26:21,206 [INFO] PluginManage:292 - Check plugin tools
2026-06-06 08:26:21,206 [WARN] IntegrityCheckThread:59 - waiting for thirdparty lock release [integrity check]
2026-06-06 08:26:21,207 [INFO] IntegrityCheckThread:61 - entering critical section [integrity check]
2026-06-06 08:26:21,207 [INFO] ThirdPartyUpdaterWithRetryManager:56 - Updater plugin not ready yet. [1/15]
2026-06-06 08:26:21,320 [INFO] PluginManage:342 - Loaded plugin tools (category:base,tabindex:7)
2026-06-06 08:26:21,320 [INFO] PluginManage:292 - Check plugin tutovideos
2026-06-06 08:26:21,591 [INFO] PluginManage:342 - Loaded plugin tutovideos (category:base,tabindex:-1)
2026-06-06 08:26:21,591 [INFO] PluginManage:292 - Check plugin updater
2026-06-06 08:26:21,604 [INFO] PluginManage:342 - Loaded plugin updater (category:base,tabindex:12)
2026-06-06 08:26:21,605 [INFO] PluginManage:265 - PluginManage : Loaded plugins [13]
2026-06-06 08:26:21,798 [INFO] PinOutPanel:1435 - setPackage(No Configuration,No Configuration)
2026-06-06 08:26:21,964 [INFO] IPUIPlugin:64 - create IPUIPlugin
2026-06-06 08:26:21,965 [INFO] PluginManager:203 - loadIPPluginJar : add adc
2026-06-06 08:26:22,041 [INFO] IPUIPlugin:64 - create IPUIPlugin
2026-06-06 08:26:22,041 [INFO] PluginManager:203 - loadIPPluginJar : add aes
2026-06-06 08:26:22,126 [INFO] IPUIPlugin:64 - create IPUIPlugin
2026-06-06 08:26:22,126 [INFO] PluginManager:203 - loadIPPluginJar : add can
2026-06-06 08:26:22,185 [INFO] IPUIPlugin:64 - create IPUIPlugin
2026-06-06 08:26:22,185 [INFO] PluginManager:203 - loadIPPluginJar : add comp
2026-06-06 08:26:22,251 [INFO] IPUIPlugin:64 - create IPUIPlugin
2026-06-06 08:26:22,251 [INFO] PluginManager:203 - loadIPPluginJar : add cryp
2026-06-06 08:26:22,318 [INFO] IPUIPlugin:64 - create IPUIPlugin
2026-06-06 08:26:22,318 [INFO] PluginManager:203 - loadIPPluginJar : add dfsdm
2026-06-06 08:26:22,337 [INFO] IPUIPlugin:64 - create IPUIPlugin
2026-06-06 08:26:22,338 [INFO] PluginManager:203 - loadIPPluginJar : add dma
2026-06-06 08:26:22,389 [INFO] IPUIPlugin:64 - create IPUIPlugin
2026-06-06 08:26:22,390 [INFO] PluginManager:203 - loadIPPluginJar : add fatfs
2026-06-06 08:26:22,488 [INFO] IPUIPlugin:64 - create IPUIPlugin
2026-06-06 08:26:22,489 [INFO] PluginManager:203 - loadIPPluginJar : add fmc
2026-06-06 08:26:22,508 [INFO] IPUIPlugin:64 - create IPUIPlugin
2026-06-06 08:26:22,508 [INFO] PluginManager:203 - loadIPPluginJar : add freertos
2026-06-06 08:26:22,559 [INFO] IPUIPlugin:64 - create IPUIPlugin
2026-06-06 08:26:22,559 [INFO] PluginManager:203 - loadIPPluginJar : add genericplugin
2026-06-06 08:26:22,736 [INFO] IPUIPlugin:64 - create IPUIPlugin
2026-06-06 08:26:22,736 [INFO] PluginManager:203 - loadIPPluginJar : add gfxmmu
2026-06-06 08:26:22,977 [INFO] IPUIPlugin:64 - create IPUIPlugin
2026-06-06 08:26:22,978 [INFO] PluginManager:203 - loadIPPluginJar : add gic
2026-06-06 08:26:22,995 [INFO] IPUIPlugin:64 - create IPUIPlugin
2026-06-06 08:26:22,995 [INFO] PluginManager:203 - loadIPPluginJar : add gpio
2026-06-06 08:26:23,131 [INFO] IPUIPlugin:64 - create IPUIPlugin
2026-06-06 08:26:23,132 [INFO] PluginManager:203 - loadIPPluginJar : add gtzc
2026-06-06 08:26:23,194 [INFO] IPUIPlugin:64 - create IPUIPlugin
2026-06-06 08:26:23,195 [INFO] PluginManager:203 - loadIPPluginJar : add hash
2026-06-06 08:26:23,301 [INFO] IPUIPlugin:64 - create IPUIPlugin
2026-06-06 08:26:23,302 [INFO] PluginManager:203 - loadIPPluginJar : add i2c
2026-06-06 08:26:23,385 [INFO] IPUIPlugin:64 - create IPUIPlugin
2026-06-06 08:26:23,385 [INFO] PluginManager:203 - loadIPPluginJar : add i2s
2026-06-06 08:26:23,401 [INFO] IPUIPlugin:64 - create IPUIPlugin
2026-06-06 08:26:23,401 [INFO] PluginManager:203 - loadIPPluginJar : add ipddr
2026-06-06 08:26:23,475 [INFO] IPUIPlugin:64 - create IPUIPlugin
2026-06-06 08:26:23,476 [INFO] PluginManager:203 - loadIPPluginJar : add lorawan
2026-06-06 08:26:23,549 [INFO] IPUIPlugin:64 - create IPUIPlugin
2026-06-06 08:26:23,550 [INFO] PluginManager:203 - loadIPPluginJar : add ltdc
2026-06-06 08:26:23,566 [INFO] IPUIPlugin:64 - create IPUIPlugin
2026-06-06 08:26:23,566 [INFO] PluginManager:203 - loadIPPluginJar : add mdma
2026-06-06 08:26:23,582 [INFO] IPUIPlugin:64 - create IPUIPlugin
2026-06-06 08:26:23,582 [INFO] PluginManager:203 - loadIPPluginJar : add nvic
2026-06-06 08:26:23,657 [INFO] IPUIPlugin:64 - create IPUIPlugin
2026-06-06 08:26:23,657 [INFO] PluginManager:203 - loadIPPluginJar : add opamp
2026-06-06 08:26:23,776 [INFO] IPUIPlugin:64 - create IPUIPlugin
2026-06-06 08:26:23,777 [INFO] PluginManager:203 - loadIPPluginJar : add openamp
2026-06-06 08:26:23,868 [INFO] IPUIPlugin:64 - create IPUIPlugin
2026-06-06 08:26:23,868 [INFO] PluginManager:203 - loadIPPluginJar : add pdm2pcm
2026-06-06 08:26:23,888 [INFO] IPUIPlugin:64 - create IPUIPlugin
2026-06-06 08:26:23,891 [INFO] PluginManager:203 - loadIPPluginJar : add plateformsettings
2026-06-06 08:26:23,945 [INFO] IPUIPlugin:64 - create IPUIPlugin
2026-06-06 08:26:23,945 [INFO] PluginManager:203 - loadIPPluginJar : add quadspi
2026-06-06 08:26:23,962 [INFO] IPUIPlugin:64 - create IPUIPlugin
2026-06-06 08:26:23,962 [INFO] PluginManager:203 - loadIPPluginJar : add resmgrutility
2026-06-06 08:26:24,064 [INFO] IPUIPlugin:64 - create IPUIPlugin
2026-06-06 08:26:24,064 [INFO] PluginManager:203 - loadIPPluginJar : add sai
2026-06-06 08:26:24,143 [INFO] IPUIPlugin:64 - create IPUIPlugin
2026-06-06 08:26:24,143 [INFO] PluginManager:203 - loadIPPluginJar : add spi
2026-06-06 08:26:24,209 [INFO] ThirdPartyUpdaterWithRetryManager:56 - Updater plugin not ready yet. [2/15]
2026-06-06 08:26:24,251 [INFO] IPUIPlugin:64 - create IPUIPlugin
2026-06-06 08:26:24,251 [INFO] PluginManager:203 - loadIPPluginJar : add stm32_wpan
2026-06-06 08:26:24,306 [INFO] IPUIPlugin:64 - create IPUIPlugin
2026-06-06 08:26:24,306 [INFO] PluginManager:203 - loadIPPluginJar : add tim
2026-06-06 08:26:24,424 [INFO] IPUIPlugin:64 - create IPUIPlugin
2026-06-06 08:26:24,425 [INFO] PluginManager:203 - loadIPPluginJar : add touchsensing
2026-06-06 08:26:24,478 [INFO] IPUIPlugin:64 - create IPUIPlugin
2026-06-06 08:26:24,478 [INFO] PluginManager:203 - loadIPPluginJar : add tracer_emb
2026-06-06 08:26:24,535 [INFO] IPUIPlugin:64 - create IPUIPlugin
2026-06-06 08:26:24,536 [INFO] PluginManager:203 - loadIPPluginJar : add ts
2026-06-06 08:26:24,590 [INFO] IPUIPlugin:64 - create IPUIPlugin
2026-06-06 08:26:24,590 [INFO] PluginManager:203 - loadIPPluginJar : add tsc
2026-06-06 08:26:24,644 [INFO] IPUIPlugin:64 - create IPUIPlugin
2026-06-06 08:26:24,644 [INFO] PluginManager:203 - loadIPPluginJar : add ucpd
2026-06-06 08:26:24,736 [INFO] IPUIPlugin:64 - create IPUIPlugin
2026-06-06 08:26:24,736 [INFO] PluginManager:203 - loadIPPluginJar : add usart
2026-06-06 08:26:25,083 [FATAL] Updater:284 - Updater called before beeing initialized
2026-06-06 08:26:25,197 [FATAL] Updater:284 - Updater called before beeing initialized
2026-06-06 08:26:25,213 [INFO] DbMcusAds:132 - JSON generation date=Mon Apr 27 15:14:29 ICT 2026 (1777277669683)
2026-06-06 08:26:25,214 [FATAL] Updater:284 - Updater called before beeing initialized
2026-06-06 08:26:25,256 [WARN] DetailPanel:315 - Failed to get advertising image, set to default
2026-06-06 08:26:25,483 [FATAL] Updater:284 - Updater called before beeing initialized
2026-06-06 08:26:25,486 [FATAL] Updater:284 - Updater called before beeing initialized
2026-06-06 08:26:25,486 [FATAL] Updater:284 - Updater called before beeing initialized
2026-06-06 08:26:25,487 [WARN] DetailPanel:315 - Failed to get advertising image, set to default
2026-06-06 08:26:25,488 [FATAL] Updater:284 - Updater called before beeing initialized
2026-06-06 08:26:25,543 [FATAL] Updater:284 - Updater called before beeing initialized
2026-06-06 08:26:25,543 [WARN] ThirdParty:796 - waiting for thirdparty lock release [close project]
2026-06-06 08:26:27,210 [INFO] ThirdPartyUpdaterWithRetryManager:56 - Updater plugin not ready yet. [3/15]
2026-06-06 08:26:30,210 [FATAL] Updater:284 - Updater called before beeing initialized
2026-06-06 08:26:30,210 [ERROR] AbstractThirdPartyUpdaterManager:153 - class java.lang.Integer cannot be cast to class java.util.List (java.lang.Integer and java.util.List are in module java.base of loader 'bootstrap')
2026-06-06 08:26:30,210 [INFO] ThirdParty:900 - Integrity check success = false
2026-06-06 08:26:30,211 [INFO] IntegrityCheckThread:75 - exiting critical section [integrity check]
2026-06-06 08:26:30,211 [INFO] IntegrityCheckThread:78 - End integrity checks thread
2026-06-06 08:26:30,211 [INFO] ThirdParty:798 - entering critical section [close project]
2026-06-06 08:26:30,212 [INFO] ThirdParty:809 - exiting critical section [close project]
2026-06-06 08:26:30,216 [INFO] PinOutPanel:1435 - setPackage(No Configuration,No Configuration)
2026-06-06 08:26:30,216 [FATAL] Updater:284 - Updater called before beeing initialized
2026-06-06 08:26:30,248 [ERROR] Updater:1065 - MainUpdater not yet initialized. External WinMGr cannot be set.
2026-06-06 08:26:30,266 [INFO] Updater:1002 - Updater Version found : 6.2.1
2026-06-06 08:26:30,291 [INFO] ApplicationProperties:181 - Using Application install path: C:\ST\STM32CubeIDE_1.6.1\STM32CubeIDE\plugins\com.st.stm32cube.common.mx_6.2.1.202103241236
2026-06-06 08:26:30,541 [INFO] MainUpdater:479 - Copy updater definitions from MX database
2026-06-06 08:26:30,819 [INFO] MainUpdater:2661 - connection check result : 10
2026-06-06 08:26:30,819 [INFO] MainUpdater:3349 - Updater definition file requires update
2026-06-06 08:26:30,821 [INFO] MainUpdater:255 - Updater Check For Update Now.
2026-06-06 08:26:30,821 [INFO] MicroXplorer:472 - Change Database Version : DB.6.0.21
2026-06-06 08:26:31,027 [INFO] ServerAccessManage:348 - Download File updaters.zip
2026-06-06 08:26:31,203 [INFO] FileExtend:225 - Unzip File : updaters.zip
2026-06-06 08:26:31,203 [INFO] FileExtend:240 - Standard Zip Deflate
2026-06-06 08:26:32,969 [INFO] ServerAccessManage:348 - Download File PacksControlFlags.xml
2026-06-06 08:26:33,223 [INFO] ServerAccessManage:348 - Download File cubemx.pidx
2026-06-06 08:26:33,364 [INFO] LoadServerUpdatesThread:329 - End of LoadServerUpdate Thread
2026-06-06 08:26:33,467 [INFO] CheckServerUpdateThread:102 - End of CheckServer Thread
2026-06-06 08:26:33,507 [INFO] MainUpdater:2661 - connection check result : 10
2026-06-06 08:26:33,768 [INFO] ServerAccessManage:348 - Download File ad.zip
2026-06-06 08:26:33,892 [INFO] FileExtend:225 - Unzip File : ad.zip
2026-06-06 08:26:33,893 [INFO] FileExtend:240 - Standard Zip Deflate
2026-06-06 08:26:33,951 [INFO] LoadUrlFilesThread:135 - End of LoadUrlFiles Thread
2026-06-06 08:26:34,101 [INFO] ServerAccessManage:348 - Download File mcusAds.json._tmp_
2026-06-06 08:26:34,119 [INFO] LoadUrlFilesThread:135 - End of LoadUrlFiles Thread
2026-06-06 08:26:54,050 [ERROR] ServerAccessManage:989 - HTTP unexpected response (522) for http://stmcufinder.com/API/getFiles.php?
2026-06-06 08:26:54,051 [ERROR] ServerAccessManage:517 - Error during Access to HTTP Server. : mcusDocs.json._tmp_.
2026-06-06 08:27:26,664 [INFO] LoadUrlFilesThread:135 - End of LoadUrlFiles Thread
2026-06-06 08:27:28,969 [INFO] DbMcusAds:132 - JSON generation date=Thu May 28 23:08:17 ICT 2026 (1779984497073)
2026-06-06 08:27:29,016 [INFO] DbMcusDocs:143 - JSON generation date=Tue Nov 16 23:17:54 ICT 2021 (1637079474)
2026-06-06 08:27:29,017 [INFO] DbMcusXml:100 - Load MCU database from C:\ST\STM32CubeIDE_1.6.1\STM32CubeIDE\plugins\com.st.stm32cube.common.mx_6.2.1.202103241236\\db\/mcu/families.xml
2026-06-06 08:27:30,177 [INFO] DbMcusJson:94 - JSON generation date=Tue Nov 16 23:17:54 ICT 2021 (1637079474)
2026-06-06 08:27:31,051 [INFO] DbMcus:175 - Found 1906 MCUs (1866 are supported by CubeMX, 1920 are visible in CubeMX)
2026-06-06 08:27:31,052 [INFO] ApiDb:251 - Load user favorites file C:\Users\Admin/.stm32cubeide/favorites.mcus.txt: 0 item(s)
2026-06-06 08:27:31,052 [INFO] ApiDb:255 - User favorites MCUs=[]
2026-06-06 08:27:31,052 [INFO] DbMcus:187 - Set 0 / 0 favorites MCUs
2026-06-06 08:27:31,621 [INFO] DbMcusDocs:79 - Found 682 MCUs documents
2026-06-06 08:27:31,622 [INFO] ApiDb:276 - Save user favorites file C:\Users\Admin/.stm32cubeide/favorites.mcus.txt: 0 item(s)
2026-06-06 08:27:31,623 [INFO] ApiDb:280 - User favorites MCUs=[]
2026-06-06 08:27:31,623 [INFO] DbMcusXml:100 - Load MCU database from C:\ST\STM32CubeIDE_1.6.1\STM32CubeIDE\plugins\com.st.stm32cube.common.mx_6.2.1.202103241236\\db\/mcu/families.xml
2026-06-06 08:27:32,603 [INFO] DbMcusJson:94 - JSON generation date=Tue Nov 16 23:17:54 ICT 2021 (1637079474)
2026-06-06 08:27:33,382 [INFO] DbMcus:175 - Found 1906 MCUs (1866 are supported by CubeMX, 1920 are visible in CubeMX)
2026-06-06 08:27:33,382 [INFO] ApiDb:251 - Load user favorites file C:\Users\Admin/.stm32cubeide/favorites.mcus.txt: 0 item(s)
2026-06-06 08:27:33,382 [INFO] ApiDb:255 - User favorites MCUs=[]
2026-06-06 08:27:33,383 [INFO] DbMcus:187 - Set 0 / 0 favorites MCUs
2026-06-06 08:27:33,428 [INFO] DbBoardsDocs:143 - JSON generation date=Tue Nov 16 23:17:54 ICT 2021 (1637079474)
2026-06-06 08:27:33,483 [INFO] DbBoardsPdsc:90 - Found 24 items
2026-06-06 08:27:33,513 [INFO] DbBoardsPdsc:90 - Found 9 items
2026-06-06 08:27:33,542 [INFO] DbBoardsPdsc:90 - Found 33 items
2026-06-06 08:27:33,566 [INFO] DbBoardsPdsc:90 - Found 1 items
2026-06-06 08:27:33,599 [INFO] DbBoardsPdsc:90 - Found 46 items
2026-06-06 08:27:33,630 [INFO] DbBoardsPdsc:90 - Found 41 items
2026-06-06 08:27:33,654 [INFO] DbBoardsPdsc:90 - Found 2 items
2026-06-06 08:27:33,678 [INFO] DbBoardsPdsc:90 - Found 5 items
2026-06-06 08:27:33,684 [WARN] DbBoardsPdsc:254 - Board NUCLEO-WB15CC: unknown feature type=, name=, username=Three user LEDs, n=1
2026-06-06 08:27:33,684 [WARN] DbBoardsPdsc:254 - Board NUCLEO-WB15CC: unknown feature type=, name=, username=One reset and three user push-buttons, n=1
2026-06-06 08:27:33,685 [WARN] DbBoardsPdsc:254 - Board NUCLEO-WB15CC: unknown feature type=, name=, username=Arduino Uno V3 expansion connector, n=1
2026-06-06 08:27:33,685 [WARN] DbBoardsPdsc:254 - Board NUCLEO-WB15CC: unknown feature type=, name=, username=ST morpho extension pin headers for full access to all STM32WB I/Os, n=1
2026-06-06 08:27:33,685 [WARN] DbBoardsPdsc:254 - Board NUCLEO-WB15CC: unknown feature type=, name=, username=Integrated PCB antenna and SMA connector footprint, n=1
2026-06-06 08:27:33,685 [WARN] DbBoardsPdsc:254 - Board NUCLEO-WB15CC: unknown feature type=, name=, username=Flexible power-supply options: ST-LINK, USB VBUS, or external sources, n=1
2026-06-06 08:27:33,685 [WARN] DbBoardsPdsc:254 - Board NUCLEO-WB15CC: unknown feature type=, name=, username=On-board footprint to mount a CR2032 battery socket, n=1
2026-06-06 08:27:33,685 [WARN] DbBoardsPdsc:254 - Board NUCLEO-WB15CC: unknown feature type=, name=, username=On-board ST-LINK/V2-1 debugger/programmer with USB re-enumeration capability: mass storage, Virtual COM port, and debug port, n=1
2026-06-06 08:27:33,686 [WARN] DbBoardsPdsc:254 - Board NUCLEO-WB15CC: unknown feature type=, name=, username=Comprehensive free software libraries and examples available with the STM32CubeWB MCU Package, n=1
2026-06-06 08:27:33,686 [WARN] DbBoardsPdsc:254 - Board NUCLEO-WB15CC: unknown feature type=, name=, username=Support of a wide choice of Integrated Development Environments (IDEs) including IAR Embedded Workbench, MDK-ARM, STM32CubeIDE, and Mbed Studio, n=1
2026-06-06 08:27:33,692 [WARN] DbBoardsPdsc:254 - Board STM32H7B3I-DK: unknown feature type=Audio, name=, username=Audio stereo codec with Headphone Amp (CS42L51-CNZ), n=1
2026-06-06 08:27:33,693 [WARN] DbBoardsPdsc:254 - Board STM32H735G-DK: unknown feature type=Audio, name=, username=Audio stereo codec with Headphone Amp (WM8994ECS/R), n=1
2026-06-06 08:27:33,693 [WARN] DbBoardsPdsc:254 - Board STM32WB5MM-DK: unknown feature type=, name=, username=Time-of-Flight and gesture-detection sensor, n=1
2026-06-06 08:27:33,693 [WARN] DbBoardsPdsc:254 - Board STM32WB5MM-DK: unknown feature type=, name=, username=3 push-buttons (2 users and 1 reset) and 1 touch key button, n=1
2026-06-06 08:27:33,693 [WARN] DbBoardsPdsc:254 - Board STM32WB5MM-DK: unknown feature type=, name=, username=Flexible power-supply options: ST-LINK/V2-1 USB connector, 5 V delivered by ARDUINO® or external connector, USB charger, or USB power, n=1
2026-06-06 08:27:33,693 [WARN] DbBoardsPdsc:254 - Board STM32WB5MM-DK: unknown feature type=, name=, username=On-board ST-LINK/V2-1 debugger/programmer with USB re-enumeration capability: Virtual COM port and debug port, n=1
2026-06-06 08:27:33,693 [WARN] DbBoardsPdsc:254 - Board STM32WB5MM-DK: unknown feature type=, name=, username=Comprehensive free software libraries and examples available with the STM32CubeWB MCU Package, n=1
2026-06-06 08:27:33,694 [WARN] DbBoardsPdsc:254 - Board STM32WB5MM-DK: unknown feature type=, name=, username=Support of a wide choice of Integrated Development Environments (IDEs) including IAR Embedded Workbench®, MDK-ARM, and STM32CubeIDE, n=1
2026-06-06 08:27:33,697 [WARN] DbBoardsPdsc:254 - Board STM32H7B3I-EVAL: unknown feature type=Audio, name=, username=Multi-Channel Audio Codec (CS42L51-CNZ), n=1
2026-06-06 08:27:33,698 [WARN] DbBoardsPdsc:254 - Board STM32H7B3I-EVAL: unknown feature type=Meter, name=, username=Power-metering and Temperature-monitoring with sigma-delta modulators, n=1
2026-06-06 08:27:33,698 [WARN] DbBoardsPdsc:254 - Board STM32H7B3I-EVAL: unknown feature type=Motor, name=, username=Motor Control, n=1
2026-06-06 08:27:33,758 [INFO] DbBoardsJson:87 - JSON generation date=Tue Nov 16 23:17:54 ICT 2021 (1637079474)
2026-06-06 08:27:33,767 [INFO] DbBoards:117 - Found 167 boards (158 are supported by CubeMX)
2026-06-06 08:27:33,769 [INFO] DbBoardsDocs:143 - JSON generation date=Tue Nov 16 23:17:54 ICT 2021 (1637079474)
2026-06-06 08:27:33,774 [INFO] DbBoardsDocs:79 - Found 209 boards documents
2026-06-06 08:27:33,775 [WARN] DbBoards:127 - board B-L475E-IOT01A2 has no document id list !
2026-06-06 08:27:33,776 [WARN] DbBoards:127 - board NUCLEO-H743ZI has no document id list !
2026-06-06 08:27:33,777 [WARN] DbBoards:127 - board NUCLEO-WL55JC2 has no document id list !
2026-06-06 08:27:33,778 [WARN] DbBoards:127 - board P-NUCLEO-WB55-Nucleo has no document id list !
2026-06-06 08:27:33,778 [WARN] DbBoards:127 - board P-NUCLEO-WB55-USBDongle has no document id list !
2026-06-06 08:27:33,778 [WARN] DbBoards:127 - board STEVAL-BFA001V1B has no document id list !
2026-06-06 08:27:33,778 [WARN] DbBoards:127 - board STEVAL-BFA001V2B has no document id list !
2026-06-06 08:27:33,778 [WARN] DbBoards:127 - board STEVAL-IDP005V1 has no document id list !
2026-06-06 08:27:33,778 [WARN] DbBoards:127 - board STEVAL-IDP005V2 has no document id list !
2026-06-06 08:27:33,778 [WARN] DbBoards:127 - board STEVAL-MKSBOX1V1 has no document id list !
2026-06-06 08:27:33,778 [WARN] DbBoards:127 - board STEVAL-STWINKT1 has no document id list !
2026-06-06 08:27:33,778 [WARN] DbBoards:127 - board STEVAL-STWINKT1B has no document id list !
2026-06-06 08:27:33,779 [WARN] DbBoards:127 - board STM32439I-EVAL2 has no document id list !
2026-06-06 08:27:33,779 [WARN] DbBoards:127 - board STM32F401C-DISCO has no document id list !
2026-06-06 08:27:33,780 [WARN] DbBoards:127 - board STM32F769I-DISC1 has no document id list !
2026-06-06 08:27:33,780 [WARN] DbBoards:127 - board STM32G474E-EVAL1 has no document id list !
2026-06-06 08:27:33,781 [WARN] DbBoards:127 - board STM32H743I-EVAL2 has no document id list !
2026-06-06 08:27:33,781 [WARN] DbBoards:127 - board STM32H747I-DISC1 has no document id list !
2026-06-06 08:27:33,781 [WARN] DbBoards:127 - board STM32H753I-EVAL2 has no document id list !
2026-06-06 08:27:33,781 [WARN] DbBoards:127 - board STM32L-DISCOVERY has no document id list !
2026-06-06 08:27:33,952 [ERROR] DbBoards:189 - Image file not found for board B-U585I-IOT02A: C:\ST\STM32CubeIDE_1.6.1\STM32CubeIDE\plugins\com.st.stm32cube.common.mx_6.2.1.202103241236\\db\/plugins/mcufinder/images/boards/B-U585I-IOT02A_small.jpg
2026-06-06 08:27:34,067 [ERROR] DbBoards:189 - Image file not found for board NUCLEO-F413ZH: C:\ST\STM32CubeIDE_1.6.1\STM32CubeIDE\plugins\com.st.stm32cube.common.mx_6.2.1.202103241236\\db\/plugins/mcufinder/images/boards/nucleo-f413zh_small.jpg
2026-06-06 08:27:34,286 [ERROR] DbBoards:189 - Image file not found for board NUCLEO-L552ZE-Q: C:\ST\STM32CubeIDE_1.6.1\STM32CubeIDE\plugins\com.st.stm32cube.common.mx_6.2.1.202103241236\\db\/plugins/mcufinder/images/boards/nucleo_l552ze_q_small.jpg
2026-06-06 08:27:34,287 [ERROR] DbBoards:189 - Image file not found for board NUCLEO-U575ZI-Q: C:\ST\STM32CubeIDE_1.6.1\STM32CubeIDE\plugins\com.st.stm32cube.common.mx_6.2.1.202103241236\\db\/plugins/mcufinder/images/boards/nucleo-u575zi-q_small.jpg
2026-06-06 08:27:34,287 [ERROR] DbBoards:189 - Image file not found for board NUCLEO-WB15CC: C:\ST\STM32CubeIDE_1.6.1\STM32CubeIDE\plugins\com.st.stm32cube.common.mx_6.2.1.202103241236\\db\/plugins/mcufinder/images/boards/nucleo-wb15cc_small.jpg
2026-06-06 08:27:34,287 [ERROR] DbBoards:189 - Image file not found for board NUCLEO-WB55RG: C:\ST\STM32CubeIDE_1.6.1\STM32CubeIDE\plugins\com.st.stm32cube.common.mx_6.2.1.202103241236\\db\/plugins/mcufinder/images/boards/nucleo-wb55rg_small.jpg
2026-06-06 08:27:35,546 [ERROR] DbBoards:189 - Image file not found for board STM32U575I-EV: C:\ST\STM32CubeIDE_1.6.1\STM32CubeIDE\plugins\com.st.stm32cube.common.mx_6.2.1.202103241236\\db\/plugins/mcufinder/images/boards/stm32u575i-ev_small.jpg
2026-06-06 08:27:35,630 [INFO] ApiDb:251 - Load user favorites file C:\Users\Admin/.stm32cubeide/favorites.boards.txt: 0 item(s)
2026-06-06 08:27:35,630 [INFO] ApiDb:255 - User favorites Boards=[]
2026-06-06 08:27:35,630 [INFO] DbBoards:206 - Set 0 / 0 favorites Boards
2026-06-06 08:27:35,634 [INFO] DbBoardsDocs:79 - Found 418 boards documents
2026-06-06 08:27:35,634 [INFO] ApiDb:276 - Save user favorites file C:\Users\Admin/.stm32cubeide/favorites.boards.txt: 0 item(s)
2026-06-06 08:27:35,634 [INFO] ApiDb:280 - User favorites Boards=[]
2026-06-06 08:27:35,639 [INFO] DbBoardsPdsc:90 - Found 24 items
2026-06-06 08:27:35,642 [INFO] DbBoardsPdsc:90 - Found 9 items
2026-06-06 08:27:35,646 [INFO] DbBoardsPdsc:90 - Found 33 items
2026-06-06 08:27:35,647 [INFO] DbBoardsPdsc:90 - Found 1 items
2026-06-06 08:27:35,654 [INFO] DbBoardsPdsc:90 - Found 46 items
2026-06-06 08:27:35,661 [INFO] DbBoardsPdsc:90 - Found 41 items
2026-06-06 08:27:35,663 [INFO] DbBoardsPdsc:90 - Found 2 items
2026-06-06 08:27:35,665 [INFO] DbBoardsPdsc:90 - Found 5 items
2026-06-06 08:27:35,667 [WARN] DbBoardsPdsc:254 - Board NUCLEO-WB15CC: unknown feature type=, name=, username=Three user LEDs, n=1
2026-06-06 08:27:35,667 [WARN] DbBoardsPdsc:254 - Board NUCLEO-WB15CC: unknown feature type=, name=, username=One reset and three user push-buttons, n=1
2026-06-06 08:27:35,667 [WARN] DbBoardsPdsc:254 - Board NUCLEO-WB15CC: unknown feature type=, name=, username=Arduino Uno V3 expansion connector, n=1
2026-06-06 08:27:35,667 [WARN] DbBoardsPdsc:254 - Board NUCLEO-WB15CC: unknown feature type=, name=, username=ST morpho extension pin headers for full access to all STM32WB I/Os, n=1
2026-06-06 08:27:35,667 [WARN] DbBoardsPdsc:254 - Board NUCLEO-WB15CC: unknown feature type=, name=, username=Integrated PCB antenna and SMA connector footprint, n=1
2026-06-06 08:27:35,667 [WARN] DbBoardsPdsc:254 - Board NUCLEO-WB15CC: unknown feature type=, name=, username=Flexible power-supply options: ST-LINK, USB VBUS, or external sources, n=1
2026-06-06 08:27:35,667 [WARN] DbBoardsPdsc:254 - Board NUCLEO-WB15CC: unknown feature type=, name=, username=On-board footprint to mount a CR2032 battery socket, n=1
2026-06-06 08:27:35,667 [WARN] DbBoardsPdsc:254 - Board NUCLEO-WB15CC: unknown feature type=, name=, username=On-board ST-LINK/V2-1 debugger/programmer with USB re-enumeration capability: mass storage, Virtual COM port, and debug port, n=1
2026-06-06 08:27:35,667 [WARN] DbBoardsPdsc:254 - Board NUCLEO-WB15CC: unknown feature type=, name=, username=Comprehensive free software libraries and examples available with the STM32CubeWB MCU Package, n=1
2026-06-06 08:27:35,667 [WARN] DbBoardsPdsc:254 - Board NUCLEO-WB15CC: unknown feature type=, name=, username=Support of a wide choice of Integrated Development Environments (IDEs) including IAR Embedded Workbench, MDK-ARM, STM32CubeIDE, and Mbed Studio, n=1
2026-06-06 08:27:35,670 [WARN] DbBoardsPdsc:254 - Board STM32H7B3I-DK: unknown feature type=Audio, name=, username=Audio stereo codec with Headphone Amp (CS42L51-CNZ), n=1
2026-06-06 08:27:35,670 [WARN] DbBoardsPdsc:254 - Board STM32H735G-DK: unknown feature type=Audio, name=, username=Audio stereo codec with Headphone Amp (WM8994ECS/R), n=1
2026-06-06 08:27:35,670 [WARN] DbBoardsPdsc:254 - Board STM32WB5MM-DK: unknown feature type=, name=, username=Time-of-Flight and gesture-detection sensor, n=1
2026-06-06 08:27:35,670 [WARN] DbBoardsPdsc:254 - Board STM32WB5MM-DK: unknown feature type=, name=, username=3 push-buttons (2 users and 1 reset) and 1 touch key button, n=1
2026-06-06 08:27:35,671 [WARN] DbBoardsPdsc:254 - Board STM32WB5MM-DK: unknown feature type=, name=, username=Flexible power-supply options: ST-LINK/V2-1 USB connector, 5 V delivered by ARDUINO® or external connector, USB charger, or USB power, n=1
2026-06-06 08:27:35,671 [WARN] DbBoardsPdsc:254 - Board STM32WB5MM-DK: unknown feature type=, name=, username=On-board ST-LINK/V2-1 debugger/programmer with USB re-enumeration capability: Virtual COM port and debug port, n=1
2026-06-06 08:27:35,671 [WARN] DbBoardsPdsc:254 - Board STM32WB5MM-DK: unknown feature type=, name=, username=Comprehensive free software libraries and examples available with the STM32CubeWB MCU Package, n=1
2026-06-06 08:27:35,671 [WARN] DbBoardsPdsc:254 - Board STM32WB5MM-DK: unknown feature type=, name=, username=Support of a wide choice of Integrated Development Environments (IDEs) including IAR Embedded Workbench®, MDK-ARM, and STM32CubeIDE, n=1
2026-06-06 08:27:35,673 [WARN] DbBoardsPdsc:254 - Board STM32H7B3I-EVAL: unknown feature type=Audio, name=, username=Multi-Channel Audio Codec (CS42L51-CNZ), n=1
2026-06-06 08:27:35,673 [WARN] DbBoardsPdsc:254 - Board STM32H7B3I-EVAL: unknown feature type=Meter, name=, username=Power-metering and Temperature-monitoring with sigma-delta modulators, n=1
2026-06-06 08:27:35,673 [WARN] DbBoardsPdsc:254 - Board STM32H7B3I-EVAL: unknown feature type=Motor, name=, username=Motor Control, n=1
2026-06-06 08:27:35,694 [INFO] DbBoardsJson:87 - JSON generation date=Tue Nov 16 23:17:54 ICT 2021 (1637079474)
2026-06-06 08:27:35,701 [INFO] DbBoards:117 - Found 167 boards (158 are supported by CubeMX)
2026-06-06 08:27:35,702 [WARN] DbBoards:127 - board B-L475E-IOT01A2 has no document id list !
2026-06-06 08:27:35,703 [WARN] DbBoards:127 - board NUCLEO-H743ZI has no document id list !
2026-06-06 08:27:35,704 [WARN] DbBoards:127 - board NUCLEO-WL55JC2 has no document id list !
2026-06-06 08:27:35,704 [WARN] DbBoards:127 - board P-NUCLEO-WB55-Nucleo has no document id list !
2026-06-06 08:27:35,704 [WARN] DbBoards:127 - board P-NUCLEO-WB55-USBDongle has no document id list !
2026-06-06 08:27:35,704 [WARN] DbBoards:127 - board STEVAL-BFA001V1B has no document id list !
2026-06-06 08:27:35,704 [WARN] DbBoards:127 - board STEVAL-BFA001V2B has no document id list !
2026-06-06 08:27:35,704 [WARN] DbBoards:127 - board STEVAL-IDP005V1 has no document id list !
2026-06-06 08:27:35,704 [WARN] DbBoards:127 - board STEVAL-IDP005V2 has no document id list !
2026-06-06 08:27:35,704 [WARN] DbBoards:127 - board STEVAL-MKSBOX1V1 has no document id list !
2026-06-06 08:27:35,704 [WARN] DbBoards:127 - board STEVAL-STWINKT1 has no document id list !
2026-06-06 08:27:35,704 [WARN] DbBoards:127 - board STEVAL-STWINKT1B has no document id list !
2026-06-06 08:27:35,705 [WARN] DbBoards:127 - board STM32439I-EVAL2 has no document id list !
2026-06-06 08:27:35,705 [WARN] DbBoards:127 - board STM32F401C-DISCO has no document id list !
2026-06-06 08:27:35,705 [WARN] DbBoards:127 - board STM32F769I-DISC1 has no document id list !
2026-06-06 08:27:35,705 [WARN] DbBoards:127 - board STM32G474E-EVAL1 has no document id list !
2026-06-06 08:27:35,705 [WARN] DbBoards:127 - board STM32H743I-EVAL2 has no document id list !
2026-06-06 08:27:35,705 [WARN] DbBoards:127 - board STM32H747I-DISC1 has no document id list !
2026-06-06 08:27:35,705 [WARN] DbBoards:127 - board STM32H753I-EVAL2 has no document id list !
2026-06-06 08:27:35,705 [WARN] DbBoards:127 - board STM32L-DISCOVERY has no document id list !
2026-06-06 08:27:35,802 [ERROR] DbBoards:189 - Image file not found for board B-U585I-IOT02A: C:\ST\STM32CubeIDE_1.6.1\STM32CubeIDE\plugins\com.st.stm32cube.common.mx_6.2.1.202103241236\\db\/plugins/mcufinder/images/boards/B-U585I-IOT02A_small.jpg
2026-06-06 08:27:35,897 [ERROR] DbBoards:189 - Image file not found for board NUCLEO-F413ZH: C:\ST\STM32CubeIDE_1.6.1\STM32CubeIDE\plugins\com.st.stm32cube.common.mx_6.2.1.202103241236\\db\/plugins/mcufinder/images/boards/nucleo-f413zh_small.jpg
2026-06-06 08:27:36,096 [ERROR] DbBoards:189 - Image file not found for board NUCLEO-L552ZE-Q: C:\ST\STM32CubeIDE_1.6.1\STM32CubeIDE\plugins\com.st.stm32cube.common.mx_6.2.1.202103241236\\db\/plugins/mcufinder/images/boards/nucleo_l552ze_q_small.jpg
2026-06-06 08:27:36,096 [ERROR] DbBoards:189 - Image file not found for board NUCLEO-U575ZI-Q: C:\ST\STM32CubeIDE_1.6.1\STM32CubeIDE\plugins\com.st.stm32cube.common.mx_6.2.1.202103241236\\db\/plugins/mcufinder/images/boards/nucleo-u575zi-q_small.jpg
2026-06-06 08:27:36,097 [ERROR] DbBoards:189 - Image file not found for board NUCLEO-WB15CC: C:\ST\STM32CubeIDE_1.6.1\STM32CubeIDE\plugins\com.st.stm32cube.common.mx_6.2.1.202103241236\\db\/plugins/mcufinder/images/boards/nucleo-wb15cc_small.jpg
2026-06-06 08:27:36,097 [ERROR] DbBoards:189 - Image file not found for board NUCLEO-WB55RG: C:\ST\STM32CubeIDE_1.6.1\STM32CubeIDE\plugins\com.st.stm32cube.common.mx_6.2.1.202103241236\\db\/plugins/mcufinder/images/boards/nucleo-wb55rg_small.jpg
2026-06-06 08:27:36,939 [ERROR] DbBoards:189 - Image file not found for board STM32U575I-EV: C:\ST\STM32CubeIDE_1.6.1\STM32CubeIDE\plugins\com.st.stm32cube.common.mx_6.2.1.202103241236\\db\/plugins/mcufinder/images/boards/stm32u575i-ev_small.jpg
2026-06-06 08:27:36,997 [INFO] ApiDb:251 - Load user favorites file C:\Users\Admin/.stm32cubeide/favorites.boards.txt: 0 item(s)
2026-06-06 08:27:36,997 [INFO] ApiDb:255 - User favorites Boards=[]
2026-06-06 08:27:36,997 [INFO] DbBoards:206 - Set 0 / 0 favorites Boards
2026-06-06 08:27:43,403 [INFO] CrossSelectorPresenter:1330 - Cross Selector saved comparison directory: C:\Users\Admin\.stmcufinder\plugins\mcufinder\mcu\cs_comparisons_mx
2026-06-06 08:27:43,409 [INFO] MultiScanPanel:200 - Auto-refresh data requested => check proxy status ongoing
2026-06-06 08:27:43,412 [INFO] FinderPluginLoader:87 - Searching for filters in installed packs
2026-06-06 08:27:44,028 [WARN] DetailPanel:315 - Failed to get advertising image, set to default
2026-06-06 08:27:56,530 [ERROR] LogOutputStream:74 - [STDERR_REDIRECT] Exception in thread "AWT-EventQueue-0" java.lang.NullPointerException
2026-06-06 08:27:56,533 [ERROR] LogOutputStream:74 - [STDERR_REDIRECT] 	at com.st.stm32cube.common.mx.oss.core.awtswtbridge.EmbeddedSwingComposite$5.run(EmbeddedSwingComposite.java:297)
2026-06-06 08:27:56,535 [ERROR] LogOutputStream:74 - [STDERR_REDIRECT] 	at com.st.stm32cube.common.mx.oss.core.awtswtbridge.AwtEnvironment$2.run(AwtEnvironment.java:166)
2026-06-06 08:27:56,537 [ERROR] LogOutputStream:74 - [STDERR_REDIRECT] 	at java.desktop/java.awt.event.InvocationEvent.dispatch(Unknown Source)
2026-06-06 08:27:56,539 [ERROR] LogOutputStream:74 - [STDERR_REDIRECT] 	at java.desktop/java.awt.EventQueue.dispatchEventImpl(Unknown Source)
2026-06-06 08:27:56,540 [ERROR] LogOutputStream:74 - [STDERR_REDIRECT] 	at java.desktop/java.awt.EventQueue$4.run(Unknown Source)
2026-06-06 08:27:56,542 [ERROR] LogOutputStream:74 - [STDERR_REDIRECT] 	at java.desktop/java.awt.EventQueue$4.run(Unknown Source)
2026-06-06 08:27:56,543 [ERROR] LogOutputStream:74 - [STDERR_REDIRECT] 	at java.base/java.security.AccessController.doPrivileged(Native Method)
2026-06-06 08:27:56,545 [ERROR] LogOutputStream:74 - [STDERR_REDIRECT] 	at java.base/java.security.ProtectionDomain$JavaSecurityAccessImpl.doIntersectionPrivilege(Unknown Source)
2026-06-06 08:27:56,547 [ERROR] LogOutputStream:74 - [STDERR_REDIRECT] 	at java.desktop/java.awt.EventQueue.dispatchEvent(Unknown Source)
2026-06-06 08:27:56,548 [ERROR] LogOutputStream:74 - [STDERR_REDIRECT] 	at java.desktop/java.awt.EventDispatchThread.pumpOneEventForFilters(Unknown Source)
2026-06-06 08:27:56,550 [ERROR] LogOutputStream:74 - [STDERR_REDIRECT] 	at java.desktop/java.awt.EventDispatchThread.pumpEventsForFilter(Unknown Source)
2026-06-06 08:27:56,552 [ERROR] LogOutputStream:74 - [STDERR_REDIRECT] 	at java.desktop/java.awt.EventDispatchThread.pumpEventsForHierarchy(Unknown Source)
2026-06-06 08:27:56,554 [ERROR] LogOutputStream:74 - [STDERR_REDIRECT] 	at java.desktop/java.awt.EventDispatchThread.pumpEvents(Unknown Source)
2026-06-06 08:27:56,555 [ERROR] LogOutputStream:74 - [STDERR_REDIRECT] 	at java.desktop/java.awt.EventDispatchThread.pumpEvents(Unknown Source)
2026-06-06 08:27:56,557 [ERROR] LogOutputStream:74 - [STDERR_REDIRECT] 	at java.desktop/java.awt.EventDispatchThread.run(Unknown Source)
2026-06-06 08:28:01,718 [INFO] Activator:170 - 


2026-06-06 08:28:01,720 [INFO] Activator:171 - !SESSION log4j initialized
2026-06-06 08:33:35,373 [INFO] Activator:170 - 


2026-06-06 08:33:35,375 [INFO] Activator:171 - !SESSION log4j initialized
2026-06-06 08:37:47,051 [INFO] Activator:170 - 


2026-06-06 08:37:47,053 [INFO] Activator:171 - !SESSION log4j initialized
2026-06-06 08:39:18,320 [INFO] Activator:170 - 


2026-06-06 08:39:18,322 [INFO] Activator:171 - !SESSION log4j initialized
2026-06-06 08:40:04,699 [INFO] McuFinderGlobals:39 - Set McuFinder mode to 2 (CubeIDE integrated)
2026-06-06 08:40:04,976 [INFO] ApplicationProperties:181 - Using Application install path: C:\ST\STM32CubeIDE_1.6.1\STM32CubeIDE\plugins\com.st.stm32cube.common.mx_6.2.1.202103241236
2026-06-06 08:40:04,988 [INFO] DbMcusXml:74 - Set database path to: C:\ST\STM32CubeIDE_1.6.1\STM32CubeIDE\plugins\com.st.stm32cube.common.mx_6.2.1.202103241236\\db\/mcu/
2026-06-06 08:40:04,991 [INFO] DbBoardsPdsc:56 - Set plugin database path to: C:\ST\STM32CubeIDE_1.6.1\STM32CubeIDE\plugins\com.st.stm32cube.common.mx_6.2.1.202103241236\\db\/plugins/boardmanager/
2026-06-06 08:40:04,992 [INFO] DbMcus:258 - Set plugin images path to: C:\ST\STM32CubeIDE_1.6.1\STM32CubeIDE\plugins\com.st.stm32cube.common.mx_6.2.1.202103241236\\db\/plugins/mcufinder/images/
2026-06-06 08:40:04,992 [INFO] DbBoards:264 - Set plugin images path to: C:\ST\STM32CubeIDE_1.6.1\STM32CubeIDE\plugins\com.st.stm32cube.common.mx_6.2.1.202103241236\\db\/plugins/mcufinder/images/
2026-06-06 08:40:04,995 [INFO] DbExamples:333 - Set plugin images path to: C:\ST\STM32CubeIDE_1.6.1\STM32CubeIDE\plugins\com.st.stm32cube.common.mx_6.2.1.202103241236\\db\/plugins/mcufinder/images/
2026-06-06 08:40:05,000 [INFO] DbMcusAds:85 - Set database path to: C:\Users\Admin\.stmcufinder\plugins\mcufinder//mcu/
2026-06-06 08:40:05,001 [INFO] DbMcusDocs:110 - Set database path to: C:\Users\Admin\.stmcufinder\plugins\mcufinder//mcu/
2026-06-06 08:40:05,003 [INFO] DbMcusJson:65 - Set database path to: C:\Users\Admin\.stmcufinder\plugins\mcufinder//mcu/
2026-06-06 08:40:05,003 [INFO] DbBoardsDocs:110 - Set database path to: C:\Users\Admin\.stmcufinder\plugins\mcufinder//mcu/
2026-06-06 08:40:05,005 [INFO] DbBoardsJson:58 - Set database path to: C:\Users\Admin\.stmcufinder\plugins\mcufinder//mcu/
2026-06-06 08:40:05,012 [INFO] CrossReferenceDbSqlite:196 - Set database path to: C:\Users\Admin\.stmcufinder\plugins\mcufinder//mcu/cs/
2026-06-06 08:40:05,015 [INFO] DbExamplesSqlite:690 - Set database path to: C:\Users\Admin\.stmcufinder\plugins\mcufinder//mcu/
2026-06-06 08:40:05,125 [INFO] RulesReader:52 - Compatibility file has been processed (237 Rules)
2026-06-06 08:40:05,218 [INFO] MicroXplorer:622 - Detected Java Version = 11.0.9.1
2026-06-06 08:40:05,219 [INFO] DbMcusXml:74 - Set database path to: C:\ST\STM32CubeIDE_1.6.1\STM32CubeIDE\plugins\com.st.stm32cube.common.mx_6.2.1.202103241236\\db\/mcu/
2026-06-06 08:40:05,220 [INFO] DbBoardsPdsc:56 - Set plugin database path to: C:\ST\STM32CubeIDE_1.6.1\STM32CubeIDE\plugins\com.st.stm32cube.common.mx_6.2.1.202103241236\\db\/plugins/boardmanager/
2026-06-06 08:40:05,220 [INFO] DbMcus:258 - Set plugin images path to: C:\ST\STM32CubeIDE_1.6.1\STM32CubeIDE\plugins\com.st.stm32cube.common.mx_6.2.1.202103241236\\db\/plugins/mcufinder/images/
2026-06-06 08:40:05,220 [INFO] DbBoards:264 - Set plugin images path to: C:\ST\STM32CubeIDE_1.6.1\STM32CubeIDE\plugins\com.st.stm32cube.common.mx_6.2.1.202103241236\\db\/plugins/mcufinder/images/
2026-06-06 08:40:05,220 [INFO] DbExamples:333 - Set plugin images path to: C:\ST\STM32CubeIDE_1.6.1\STM32CubeIDE\plugins\com.st.stm32cube.common.mx_6.2.1.202103241236\\db\/plugins/mcufinder/images/
2026-06-06 08:40:05,220 [WARN] DbFile:35 - Overriding database path with different value: C:\Users\Admin\.stmcufinder\plugins\mcufinder/ => C:\Users\Admin\.stmcufinder\plugins\mcufinder
2026-06-06 08:40:05,221 [INFO] DbMcusAds:85 - Set database path to: C:\Users\Admin\.stmcufinder\plugins\mcufinder//mcu/
2026-06-06 08:40:05,221 [WARN] DbFile:35 - Overriding database path with different value: C:\Users\Admin\.stmcufinder\plugins\mcufinder/ => C:\Users\Admin\.stmcufinder\plugins\mcufinder
2026-06-06 08:40:05,221 [INFO] DbMcusDocs:110 - Set database path to: C:\Users\Admin\.stmcufinder\plugins\mcufinder//mcu/
2026-06-06 08:40:05,221 [WARN] DbFile:35 - Overriding database path with different value: C:\Users\Admin\.stmcufinder\plugins\mcufinder/ => C:\Users\Admin\.stmcufinder\plugins\mcufinder
2026-06-06 08:40:05,221 [INFO] DbMcusJson:65 - Set database path to: C:\Users\Admin\.stmcufinder\plugins\mcufinder//mcu/
2026-06-06 08:40:05,221 [WARN] DbFile:35 - Overriding database path with different value: C:\Users\Admin\.stmcufinder\plugins\mcufinder/ => C:\Users\Admin\.stmcufinder\plugins\mcufinder
2026-06-06 08:40:05,221 [INFO] DbBoardsDocs:110 - Set database path to: C:\Users\Admin\.stmcufinder\plugins\mcufinder//mcu/
2026-06-06 08:40:05,222 [WARN] DbFile:35 - Overriding database path with different value: C:\Users\Admin\.stmcufinder\plugins\mcufinder/ => C:\Users\Admin\.stmcufinder\plugins\mcufinder
2026-06-06 08:40:05,222 [INFO] DbBoardsJson:58 - Set database path to: C:\Users\Admin\.stmcufinder\plugins\mcufinder//mcu/
2026-06-06 08:40:05,222 [WARN] DbFile:35 - Overriding database path with different value: C:\Users\Admin\.stmcufinder\plugins\mcufinder/ => C:\Users\Admin\.stmcufinder\plugins\mcufinder
2026-06-06 08:40:05,222 [WARN] DbFile:35 - Overriding database path with different value: C:\Users\Admin\.stmcufinder\plugins\mcufinder/ => C:\Users\Admin\.stmcufinder\plugins\mcufinder
2026-06-06 08:40:05,222 [INFO] CrossReferenceDbSqlite:196 - Set database path to: C:\Users\Admin\.stmcufinder\plugins\mcufinder//mcu/cs/
2026-06-06 08:40:05,222 [WARN] DbFile:35 - Overriding database path with different value: C:\Users\Admin\.stmcufinder\plugins\mcufinder/ => C:\Users\Admin\.stmcufinder\plugins\mcufinder
2026-06-06 08:40:05,222 [INFO] DbExamplesSqlite:690 - Set database path to: C:\Users\Admin\.stmcufinder\plugins\mcufinder//mcu/
2026-06-06 08:40:05,288 [INFO] MainPanel:204 - HeapMemory: 456130560
2026-06-06 08:40:05,357 [INFO] DbMcusXml:74 - Set database path to: C:\ST\STM32CubeIDE_1.6.1\STM32CubeIDE\plugins\com.st.stm32cube.common.mx_6.2.1.202103241236\\db\/mcu/
2026-06-06 08:40:05,357 [INFO] DbBoardsPdsc:56 - Set plugin database path to: C:\ST\STM32CubeIDE_1.6.1\STM32CubeIDE\plugins\com.st.stm32cube.common.mx_6.2.1.202103241236\\db\/plugins/boardmanager/
2026-06-06 08:40:05,358 [INFO] DbMcus:258 - Set plugin images path to: C:\ST\STM32CubeIDE_1.6.1\STM32CubeIDE\plugins\com.st.stm32cube.common.mx_6.2.1.202103241236\\db\/plugins/mcufinder/images/
2026-06-06 08:40:05,358 [INFO] DbBoards:264 - Set plugin images path to: C:\ST\STM32CubeIDE_1.6.1\STM32CubeIDE\plugins\com.st.stm32cube.common.mx_6.2.1.202103241236\\db\/plugins/mcufinder/images/
2026-06-06 08:40:05,358 [INFO] DbExamples:333 - Set plugin images path to: C:\ST\STM32CubeIDE_1.6.1\STM32CubeIDE\plugins\com.st.stm32cube.common.mx_6.2.1.202103241236\\db\/plugins/mcufinder/images/
2026-06-06 08:40:05,358 [WARN] DbFile:35 - Overriding database path with different value: C:\Users\Admin\.stmcufinder\plugins\mcufinder/ => C:\Users\Admin\.stmcufinder\plugins\mcufinder
2026-06-06 08:40:05,358 [INFO] DbMcusAds:85 - Set database path to: C:\Users\Admin\.stmcufinder\plugins\mcufinder//mcu/
2026-06-06 08:40:05,359 [WARN] DbFile:35 - Overriding database path with different value: C:\Users\Admin\.stmcufinder\plugins\mcufinder/ => C:\Users\Admin\.stmcufinder\plugins\mcufinder
2026-06-06 08:40:05,359 [INFO] DbMcusDocs:110 - Set database path to: C:\Users\Admin\.stmcufinder\plugins\mcufinder//mcu/
2026-06-06 08:40:05,359 [WARN] DbFile:35 - Overriding database path with different value: C:\Users\Admin\.stmcufinder\plugins\mcufinder/ => C:\Users\Admin\.stmcufinder\plugins\mcufinder
2026-06-06 08:40:05,359 [INFO] DbMcusJson:65 - Set database path to: C:\Users\Admin\.stmcufinder\plugins\mcufinder//mcu/
2026-06-06 08:40:05,359 [WARN] DbFile:35 - Overriding database path with different value: C:\Users\Admin\.stmcufinder\plugins\mcufinder/ => C:\Users\Admin\.stmcufinder\plugins\mcufinder
2026-06-06 08:40:05,359 [INFO] DbBoardsDocs:110 - Set database path to: C:\Users\Admin\.stmcufinder\plugins\mcufinder//mcu/
2026-06-06 08:40:05,359 [WARN] DbFile:35 - Overriding database path with different value: C:\Users\Admin\.stmcufinder\plugins\mcufinder/ => C:\Users\Admin\.stmcufinder\plugins\mcufinder
2026-06-06 08:40:05,360 [INFO] DbBoardsJson:58 - Set database path to: C:\Users\Admin\.stmcufinder\plugins\mcufinder//mcu/
2026-06-06 08:40:05,360 [WARN] DbFile:35 - Overriding database path with different value: C:\Users\Admin\.stmcufinder\plugins\mcufinder/ => C:\Users\Admin\.stmcufinder\plugins\mcufinder
2026-06-06 08:40:05,360 [WARN] DbFile:35 - Overriding database path with different value: C:\Users\Admin\.stmcufinder\plugins\mcufinder/ => C:\Users\Admin\.stmcufinder\plugins\mcufinder
2026-06-06 08:40:05,360 [INFO] CrossReferenceDbSqlite:196 - Set database path to: C:\Users\Admin\.stmcufinder\plugins\mcufinder//mcu/cs/
2026-06-06 08:40:05,360 [WARN] DbFile:35 - Overriding database path with different value: C:\Users\Admin\.stmcufinder\plugins\mcufinder/ => C:\Users\Admin\.stmcufinder\plugins\mcufinder
2026-06-06 08:40:05,360 [INFO] DbExamplesSqlite:690 - Set database path to: C:\Users\Admin\.stmcufinder\plugins\mcufinder//mcu/
2026-06-06 08:40:05,380 [INFO] ApplicationProperties:181 - Using Application install path: C:\ST\STM32CubeIDE_1.6.1\STM32CubeIDE\plugins\com.st.stm32cube.common.mx_6.2.1.202103241236
2026-06-06 08:40:05,382 [INFO] PluginManage:178 - Search for loadable plugins [exclusion list=, ]
2026-06-06 08:40:05,383 [INFO] PluginManage:292 - Check plugin analytics
2026-06-06 08:40:05,556 [INFO] AnalyticsPlugin:233 - Accepted Software Licenses: STM32CubeMX.5.2.0,STM32CubeMX.6.2.1,STM32CubeMX.6.6.1,STM32CubeMX.6.13.0
2026-06-06 08:40:05,557 [INFO] AnalyticsPlugin:235 - Accepted CMSIS Pack Licenses: 
2026-06-06 08:40:05,557 [INFO] AnalyticsPlugin:237 - Accepted Firmware Licenses: FW.F4.1.27.0,FW.L4.1.18.0,FW.F4.1.28.0
2026-06-06 08:40:05,557 [INFO] PluginManage:342 - Loaded plugin analytics (category:tool,tabindex:-1)
2026-06-06 08:40:05,557 [INFO] PluginManage:292 - Check plugin clock
2026-06-06 08:40:05,569 [INFO] PluginManage:342 - Loaded plugin clock (category:base,tabindex:2)
2026-06-06 08:40:05,570 [INFO] PluginManage:292 - Check plugin ddr
2026-06-06 08:40:05,572 [INFO] PluginManage:342 - Loaded plugin ddr (category:tool,tabindex:6)
2026-06-06 08:40:05,572 [INFO] PluginManage:292 - Check plugin filemanager
2026-06-06 08:40:05,691 [INFO] PluginManage:342 - Loaded plugin filemanager (category:base,tabindex:10)
2026-06-06 08:40:05,691 [INFO] PluginManage:292 - Check plugin ipmanager
2026-06-06 08:40:05,699 [INFO] PluginManage:342 - Loaded plugin ipmanager (category:base,tabindex:5)
2026-06-06 08:40:05,700 [INFO] PluginManage:292 - Check plugin pinoutandconfiguration
2026-06-06 08:40:05,710 [INFO] PluginManage:342 - Loaded plugin pinoutandconfiguration (category:base,tabindex:1)
2026-06-06 08:40:05,710 [INFO] PluginManage:292 - Check plugin pinoutconfig
2026-06-06 08:40:05,739 [INFO] PluginManage:342 - Loaded plugin pinoutconfig (category:base,tabindex:0)
2026-06-06 08:40:05,739 [INFO] PluginManage:292 - Check plugin power
2026-06-06 08:40:05,749 [INFO] PluginManage:342 - Loaded plugin power (category:power,tabindex:4)
2026-06-06 08:40:05,750 [INFO] PluginManage:292 - Check plugin projectmanager
2026-06-06 08:40:05,767 [INFO] PluginManage:342 - Loaded plugin projectmanager (category:projectmanager,tabindex:3)
2026-06-06 08:40:05,768 [INFO] PluginManage:292 - Check plugin thirdparty
2026-06-06 08:40:05,902 [INFO] PluginManage:342 - Loaded plugin thirdparty (category:base,tabindex:-1)
2026-06-06 08:40:05,903 [WARN] IntegrityCheckThread:59 - waiting for thirdparty lock release [integrity check]
2026-06-06 08:40:05,903 [INFO] PluginManage:292 - Check plugin tools
2026-06-06 08:40:05,903 [INFO] IntegrityCheckThread:61 - entering critical section [integrity check]
2026-06-06 08:40:05,903 [INFO] ThirdPartyUpdaterWithRetryManager:56 - Updater plugin not ready yet. [1/15]
2026-06-06 08:40:05,906 [INFO] PluginManage:342 - Loaded plugin tools (category:base,tabindex:7)
2026-06-06 08:40:05,906 [INFO] PluginManage:292 - Check plugin tutovideos
2026-06-06 08:40:06,114 [INFO] PluginManage:342 - Loaded plugin tutovideos (category:base,tabindex:-1)
2026-06-06 08:40:06,115 [INFO] PluginManage:292 - Check plugin updater
2026-06-06 08:40:06,127 [INFO] PluginManage:342 - Loaded plugin updater (category:base,tabindex:12)
2026-06-06 08:40:06,127 [INFO] PluginManage:265 - PluginManage : Loaded plugins [13]
2026-06-06 08:40:06,304 [INFO] PinOutPanel:1435 - setPackage(No Configuration,No Configuration)
2026-06-06 08:40:06,396 [INFO] IPUIPlugin:64 - create IPUIPlugin
2026-06-06 08:40:06,396 [INFO] PluginManager:203 - loadIPPluginJar : add adc
2026-06-06 08:40:06,399 [INFO] IPUIPlugin:64 - create IPUIPlugin
2026-06-06 08:40:06,399 [INFO] PluginManager:203 - loadIPPluginJar : add aes
2026-06-06 08:40:06,403 [INFO] IPUIPlugin:64 - create IPUIPlugin
2026-06-06 08:40:06,403 [INFO] PluginManager:203 - loadIPPluginJar : add can
2026-06-06 08:40:06,405 [INFO] IPUIPlugin:64 - create IPUIPlugin
2026-06-06 08:40:06,406 [INFO] PluginManager:203 - loadIPPluginJar : add comp
2026-06-06 08:40:06,408 [INFO] IPUIPlugin:64 - create IPUIPlugin
2026-06-06 08:40:06,409 [INFO] PluginManager:203 - loadIPPluginJar : add cryp
2026-06-06 08:40:06,412 [INFO] IPUIPlugin:64 - create IPUIPlugin
2026-06-06 08:40:06,412 [INFO] PluginManager:203 - loadIPPluginJar : add dfsdm
2026-06-06 08:40:06,418 [INFO] IPUIPlugin:64 - create IPUIPlugin
2026-06-06 08:40:06,419 [INFO] PluginManager:203 - loadIPPluginJar : add dma
2026-06-06 08:40:06,421 [INFO] IPUIPlugin:64 - create IPUIPlugin
2026-06-06 08:40:06,422 [INFO] PluginManager:203 - loadIPPluginJar : add fatfs
2026-06-06 08:40:06,427 [INFO] IPUIPlugin:64 - create IPUIPlugin
2026-06-06 08:40:06,427 [INFO] PluginManager:203 - loadIPPluginJar : add fmc
2026-06-06 08:40:06,434 [INFO] IPUIPlugin:64 - create IPUIPlugin
2026-06-06 08:40:06,434 [INFO] PluginManager:203 - loadIPPluginJar : add freertos
2026-06-06 08:40:06,436 [INFO] IPUIPlugin:64 - create IPUIPlugin
2026-06-06 08:40:06,436 [INFO] PluginManager:203 - loadIPPluginJar : add genericplugin
2026-06-06 08:40:06,439 [INFO] IPUIPlugin:64 - create IPUIPlugin
2026-06-06 08:40:06,439 [INFO] PluginManager:203 - loadIPPluginJar : add gfxmmu
2026-06-06 08:40:06,445 [INFO] IPUIPlugin:64 - create IPUIPlugin
2026-06-06 08:40:06,446 [INFO] PluginManager:203 - loadIPPluginJar : add gic
2026-06-06 08:40:06,451 [INFO] IPUIPlugin:64 - create IPUIPlugin
2026-06-06 08:40:06,451 [INFO] PluginManager:203 - loadIPPluginJar : add gpio
2026-06-06 08:40:06,454 [INFO] IPUIPlugin:64 - create IPUIPlugin
2026-06-06 08:40:06,455 [INFO] PluginManager:203 - loadIPPluginJar : add gtzc
2026-06-06 08:40:06,458 [INFO] IPUIPlugin:64 - create IPUIPlugin
2026-06-06 08:40:06,458 [INFO] PluginManager:203 - loadIPPluginJar : add hash
2026-06-06 08:40:06,462 [INFO] IPUIPlugin:64 - create IPUIPlugin
2026-06-06 08:40:06,462 [INFO] PluginManager:203 - loadIPPluginJar : add i2c
2026-06-06 08:40:06,466 [INFO] IPUIPlugin:64 - create IPUIPlugin
2026-06-06 08:40:06,466 [INFO] PluginManager:203 - loadIPPluginJar : add i2s
2026-06-06 08:40:06,470 [INFO] IPUIPlugin:64 - create IPUIPlugin
2026-06-06 08:40:06,470 [INFO] PluginManager:203 - loadIPPluginJar : add ipddr
2026-06-06 08:40:06,473 [INFO] IPUIPlugin:64 - create IPUIPlugin
2026-06-06 08:40:06,474 [INFO] PluginManager:203 - loadIPPluginJar : add lorawan
2026-06-06 08:40:06,475 [INFO] IPUIPlugin:64 - create IPUIPlugin
2026-06-06 08:40:06,476 [INFO] PluginManager:203 - loadIPPluginJar : add ltdc
2026-06-06 08:40:06,480 [INFO] IPUIPlugin:64 - create IPUIPlugin
2026-06-06 08:40:06,480 [INFO] PluginManager:203 - loadIPPluginJar : add mdma
2026-06-06 08:40:06,484 [INFO] IPUIPlugin:64 - create IPUIPlugin
2026-06-06 08:40:06,484 [INFO] PluginManager:203 - loadIPPluginJar : add nvic
2026-06-06 08:40:06,488 [INFO] IPUIPlugin:64 - create IPUIPlugin
2026-06-06 08:40:06,488 [INFO] PluginManager:203 - loadIPPluginJar : add opamp
2026-06-06 08:40:06,492 [INFO] IPUIPlugin:64 - create IPUIPlugin
2026-06-06 08:40:06,493 [INFO] PluginManager:203 - loadIPPluginJar : add openamp
2026-06-06 08:40:06,496 [INFO] IPUIPlugin:64 - create IPUIPlugin
2026-06-06 08:40:06,497 [INFO] PluginManager:203 - loadIPPluginJar : add pdm2pcm
2026-06-06 08:40:06,504 [INFO] IPUIPlugin:64 - create IPUIPlugin
2026-06-06 08:40:06,508 [INFO] PluginManager:203 - loadIPPluginJar : add plateformsettings
2026-06-06 08:40:06,510 [INFO] IPUIPlugin:64 - create IPUIPlugin
2026-06-06 08:40:06,510 [INFO] PluginManager:203 - loadIPPluginJar : add quadspi
2026-06-06 08:40:06,514 [INFO] IPUIPlugin:64 - create IPUIPlugin
2026-06-06 08:40:06,514 [INFO] PluginManager:203 - loadIPPluginJar : add resmgrutility
2026-06-06 08:40:06,518 [INFO] IPUIPlugin:64 - create IPUIPlugin
2026-06-06 08:40:06,518 [INFO] PluginManager:203 - loadIPPluginJar : add sai
2026-06-06 08:40:06,521 [INFO] IPUIPlugin:64 - create IPUIPlugin
2026-06-06 08:40:06,521 [INFO] PluginManager:203 - loadIPPluginJar : add spi
2026-06-06 08:40:06,526 [INFO] IPUIPlugin:64 - create IPUIPlugin
2026-06-06 08:40:06,526 [INFO] PluginManager:203 - loadIPPluginJar : add stm32_wpan
2026-06-06 08:40:06,528 [INFO] IPUIPlugin:64 - create IPUIPlugin
2026-06-06 08:40:06,528 [INFO] PluginManager:203 - loadIPPluginJar : add tim
2026-06-06 08:40:06,548 [INFO] IPUIPlugin:64 - create IPUIPlugin
2026-06-06 08:40:06,548 [INFO] PluginManager:203 - loadIPPluginJar : add touchsensing
2026-06-06 08:40:06,551 [INFO] IPUIPlugin:64 - create IPUIPlugin
2026-06-06 08:40:06,551 [INFO] PluginManager:203 - loadIPPluginJar : add tracer_emb
2026-06-06 08:40:06,553 [INFO] IPUIPlugin:64 - create IPUIPlugin
2026-06-06 08:40:06,554 [INFO] PluginManager:203 - loadIPPluginJar : add ts
2026-06-06 08:40:06,555 [INFO] IPUIPlugin:64 - create IPUIPlugin
2026-06-06 08:40:06,556 [INFO] PluginManager:203 - loadIPPluginJar : add tsc
2026-06-06 08:40:06,557 [INFO] IPUIPlugin:64 - create IPUIPlugin
2026-06-06 08:40:06,558 [INFO] PluginManager:203 - loadIPPluginJar : add ucpd
2026-06-06 08:40:06,560 [INFO] IPUIPlugin:64 - create IPUIPlugin
2026-06-06 08:40:06,561 [INFO] PluginManager:203 - loadIPPluginJar : add usart
2026-06-06 08:40:06,885 [FATAL] Updater:284 - Updater called before beeing initialized
2026-06-06 08:40:07,018 [FATAL] Updater:284 - Updater called before beeing initialized
2026-06-06 08:40:07,023 [INFO] DbMcusAds:132 - JSON generation date=Thu May 28 23:08:17 ICT 2026 (1779984497073)
2026-06-06 08:40:07,023 [FATAL] Updater:284 - Updater called before beeing initialized
2026-06-06 08:40:07,059 [WARN] DetailPanel:315 - Failed to get advertising image, set to default
2026-06-06 08:40:07,303 [FATAL] Updater:284 - Updater called before beeing initialized
2026-06-06 08:40:07,305 [FATAL] Updater:284 - Updater called before beeing initialized
2026-06-06 08:40:07,306 [FATAL] Updater:284 - Updater called before beeing initialized
2026-06-06 08:40:07,306 [WARN] DetailPanel:315 - Failed to get advertising image, set to default
2026-06-06 08:40:07,307 [FATAL] Updater:284 - Updater called before beeing initialized
2026-06-06 08:40:07,358 [FATAL] Updater:284 - Updater called before beeing initialized
2026-06-06 08:40:07,358 [WARN] ThirdParty:796 - waiting for thirdparty lock release [close project]
2026-06-06 08:40:08,905 [INFO] ThirdPartyUpdaterWithRetryManager:56 - Updater plugin not ready yet. [2/15]
2026-06-06 08:40:11,906 [FATAL] Updater:284 - Updater called before beeing initialized
2026-06-06 08:40:11,906 [ERROR] AbstractThirdPartyUpdaterManager:153 - class java.lang.Integer cannot be cast to class java.util.List (java.lang.Integer and java.util.List are in module java.base of loader 'bootstrap')
2026-06-06 08:40:11,906 [INFO] ThirdParty:900 - Integrity check success = false
2026-06-06 08:40:11,906 [INFO] IntegrityCheckThread:75 - exiting critical section [integrity check]
2026-06-06 08:40:11,906 [INFO] IntegrityCheckThread:78 - End integrity checks thread
2026-06-06 08:40:11,906 [INFO] ThirdParty:798 - entering critical section [close project]
2026-06-06 08:40:11,908 [INFO] ThirdParty:809 - exiting critical section [close project]
2026-06-06 08:40:11,911 [INFO] PinOutPanel:1435 - setPackage(No Configuration,No Configuration)
2026-06-06 08:40:11,911 [FATAL] Updater:284 - Updater called before beeing initialized
2026-06-06 08:40:11,918 [ERROR] Updater:1065 - MainUpdater not yet initialized. External WinMGr cannot be set.
2026-06-06 08:40:11,920 [INFO] Updater:1002 - Updater Version found : 6.2.1
2026-06-06 08:40:11,937 [INFO] ApplicationProperties:181 - Using Application install path: C:\ST\STM32CubeIDE_1.6.1\STM32CubeIDE\plugins\com.st.stm32cube.common.mx_6.2.1.202103241236
2026-06-06 08:40:13,156 [INFO] MainUpdater:2661 - connection check result : 10
2026-06-06 08:40:13,157 [INFO] MainUpdater:255 - Updater Check For Update Now.
2026-06-06 08:40:13,157 [INFO] MicroXplorer:472 - Change Database Version : DB.6.0.21
2026-06-06 08:40:13,255 [INFO] CheckServerUpdateThread:102 - End of CheckServer Thread
2026-06-06 08:40:13,262 [INFO] MainUpdater:2661 - connection check result : 10
2026-06-06 08:40:14,438 [INFO] ServerAccessManage:348 - Download File ad.zip
2026-06-06 08:40:14,628 [INFO] FileExtend:225 - Unzip File : ad.zip
2026-06-06 08:40:14,629 [INFO] FileExtend:240 - Standard Zip Deflate
2026-06-06 08:40:14,682 [INFO] LoadUrlFilesThread:135 - End of LoadUrlFiles Thread
2026-06-06 08:40:15,018 [INFO] ServerAccessManage:348 - Download File mcusAds.json._tmp_
2026-06-06 08:40:15,037 [INFO] LoadUrlFilesThread:135 - End of LoadUrlFiles Thread
2026-06-06 08:40:34,767 [ERROR] ServerAccessManage:989 - HTTP unexpected response (522) for http://stmcufinder.com/API/getFiles.php?
2026-06-06 08:40:34,767 [ERROR] ServerAccessManage:517 - Error during Access to HTTP Server. : mcusDocs.json._tmp_.
2026-06-06 08:42:09,102 [INFO] LoadUrlFilesThread:135 - End of LoadUrlFiles Thread
2026-06-06 08:42:10,277 [INFO] DbMcusAds:132 - JSON generation date=Thu May 28 23:08:17 ICT 2026 (1779984497073)
2026-06-06 08:42:10,296 [INFO] DbMcusDocs:143 - JSON generation date=Tue Nov 16 23:17:54 ICT 2021 (1637079474)
2026-06-06 08:42:10,297 [INFO] DbMcusXml:100 - Load MCU database from C:\ST\STM32CubeIDE_1.6.1\STM32CubeIDE\plugins\com.st.stm32cube.common.mx_6.2.1.202103241236\\db\/mcu/families.xml
2026-06-06 08:42:11,827 [INFO] DbMcusJson:94 - JSON generation date=Tue Nov 16 23:17:54 ICT 2021 (1637079474)
2026-06-06 08:42:12,659 [INFO] DbMcus:175 - Found 1906 MCUs (1866 are supported by CubeMX, 1920 are visible in CubeMX)
2026-06-06 08:42:12,660 [INFO] ApiDb:251 - Load user favorites file C:\Users\Admin/.stm32cubeide/favorites.mcus.txt: 0 item(s)
2026-06-06 08:42:12,660 [INFO] ApiDb:255 - User favorites MCUs=[]
2026-06-06 08:42:12,660 [INFO] DbMcus:187 - Set 0 / 0 favorites MCUs
2026-06-06 08:42:13,138 [INFO] DbMcusDocs:79 - Found 682 MCUs documents
2026-06-06 08:42:13,140 [INFO] ApiDb:276 - Save user favorites file C:\Users\Admin/.stm32cubeide/favorites.mcus.txt: 0 item(s)
2026-06-06 08:42:13,140 [INFO] ApiDb:280 - User favorites MCUs=[]
2026-06-06 08:42:13,140 [INFO] DbMcusXml:100 - Load MCU database from C:\ST\STM32CubeIDE_1.6.1\STM32CubeIDE\plugins\com.st.stm32cube.common.mx_6.2.1.202103241236\\db\/mcu/families.xml
2026-06-06 08:42:14,490 [INFO] DbMcusJson:94 - JSON generation date=Tue Nov 16 23:17:54 ICT 2021 (1637079474)
2026-06-06 08:42:15,189 [INFO] DbMcus:175 - Found 1906 MCUs (1866 are supported by CubeMX, 1920 are visible in CubeMX)
2026-06-06 08:42:15,190 [INFO] ApiDb:251 - Load user favorites file C:\Users\Admin/.stm32cubeide/favorites.mcus.txt: 0 item(s)
2026-06-06 08:42:15,190 [INFO] ApiDb:255 - User favorites MCUs=[]
2026-06-06 08:42:15,190 [INFO] DbMcus:187 - Set 0 / 0 favorites MCUs
2026-06-06 08:42:15,200 [INFO] DbBoardsDocs:143 - JSON generation date=Tue Nov 16 23:17:54 ICT 2021 (1637079474)
2026-06-06 08:42:15,216 [INFO] DbBoardsPdsc:90 - Found 24 items
2026-06-06 08:42:15,219 [INFO] DbBoardsPdsc:90 - Found 9 items
2026-06-06 08:42:15,227 [INFO] DbBoardsPdsc:90 - Found 33 items
2026-06-06 08:42:15,229 [INFO] DbBoardsPdsc:90 - Found 1 items
2026-06-06 08:42:15,239 [INFO] DbBoardsPdsc:90 - Found 46 items
2026-06-06 08:42:15,251 [INFO] DbBoardsPdsc:90 - Found 41 items
2026-06-06 08:42:15,253 [INFO] DbBoardsPdsc:90 - Found 2 items
2026-06-06 08:42:15,255 [INFO] DbBoardsPdsc:90 - Found 5 items
2026-06-06 08:42:15,259 [WARN] DbBoardsPdsc:254 - Board NUCLEO-WB15CC: unknown feature type=, name=, username=Three user LEDs, n=1
2026-06-06 08:42:15,259 [WARN] DbBoardsPdsc:254 - Board NUCLEO-WB15CC: unknown feature type=, name=, username=One reset and three user push-buttons, n=1
2026-06-06 08:42:15,260 [WARN] DbBoardsPdsc:254 - Board NUCLEO-WB15CC: unknown feature type=, name=, username=Arduino Uno V3 expansion connector, n=1
2026-06-06 08:42:15,260 [WARN] DbBoardsPdsc:254 - Board NUCLEO-WB15CC: unknown feature type=, name=, username=ST morpho extension pin headers for full access to all STM32WB I/Os, n=1
2026-06-06 08:42:15,260 [WARN] DbBoardsPdsc:254 - Board NUCLEO-WB15CC: unknown feature type=, name=, username=Integrated PCB antenna and SMA connector footprint, n=1
2026-06-06 08:42:15,260 [WARN] DbBoardsPdsc:254 - Board NUCLEO-WB15CC: unknown feature type=, name=, username=Flexible power-supply options: ST-LINK, USB VBUS, or external sources, n=1
2026-06-06 08:42:15,260 [WARN] DbBoardsPdsc:254 - Board NUCLEO-WB15CC: unknown feature type=, name=, username=On-board footprint to mount a CR2032 battery socket, n=1
2026-06-06 08:42:15,260 [WARN] DbBoardsPdsc:254 - Board NUCLEO-WB15CC: unknown feature type=, name=, username=On-board ST-LINK/V2-1 debugger/programmer with USB re-enumeration capability: mass storage, Virtual COM port, and debug port, n=1
2026-06-06 08:42:15,260 [WARN] DbBoardsPdsc:254 - Board NUCLEO-WB15CC: unknown feature type=, name=, username=Comprehensive free software libraries and examples available with the STM32CubeWB MCU Package, n=1
2026-06-06 08:42:15,260 [WARN] DbBoardsPdsc:254 - Board NUCLEO-WB15CC: unknown feature type=, name=, username=Support of a wide choice of Integrated Development Environments (IDEs) including IAR Embedded Workbench, MDK-ARM, STM32CubeIDE, and Mbed Studio, n=1
2026-06-06 08:42:15,279 [WARN] DbBoardsPdsc:254 - Board STM32H7B3I-DK: unknown feature type=Audio, name=, username=Audio stereo codec with Headphone Amp (CS42L51-CNZ), n=1
2026-06-06 08:42:15,279 [WARN] DbBoardsPdsc:254 - Board STM32H735G-DK: unknown feature type=Audio, name=, username=Audio stereo codec with Headphone Amp (WM8994ECS/R), n=1
2026-06-06 08:42:15,280 [WARN] DbBoardsPdsc:254 - Board STM32WB5MM-DK: unknown feature type=, name=, username=Time-of-Flight and gesture-detection sensor, n=1
2026-06-06 08:42:15,280 [WARN] DbBoardsPdsc:254 - Board STM32WB5MM-DK: unknown feature type=, name=, username=3 push-buttons (2 users and 1 reset) and 1 touch key button, n=1
2026-06-06 08:42:15,280 [WARN] DbBoardsPdsc:254 - Board STM32WB5MM-DK: unknown feature type=, name=, username=Flexible power-supply options: ST-LINK/V2-1 USB connector, 5 V delivered by ARDUINO® or external connector, USB charger, or USB power, n=1
2026-06-06 08:42:15,280 [WARN] DbBoardsPdsc:254 - Board STM32WB5MM-DK: unknown feature type=, name=, username=On-board ST-LINK/V2-1 debugger/programmer with USB re-enumeration capability: Virtual COM port and debug port, n=1
2026-06-06 08:42:15,280 [WARN] DbBoardsPdsc:254 - Board STM32WB5MM-DK: unknown feature type=, name=, username=Comprehensive free software libraries and examples available with the STM32CubeWB MCU Package, n=1
2026-06-06 08:42:15,280 [WARN] DbBoardsPdsc:254 - Board STM32WB5MM-DK: unknown feature type=, name=, username=Support of a wide choice of Integrated Development Environments (IDEs) including IAR Embedded Workbench®, MDK-ARM, and STM32CubeIDE, n=1
2026-06-06 08:42:15,283 [WARN] DbBoardsPdsc:254 - Board STM32H7B3I-EVAL: unknown feature type=Audio, name=, username=Multi-Channel Audio Codec (CS42L51-CNZ), n=1
2026-06-06 08:42:15,283 [WARN] DbBoardsPdsc:254 - Board STM32H7B3I-EVAL: unknown feature type=Meter, name=, username=Power-metering and Temperature-monitoring with sigma-delta modulators, n=1
2026-06-06 08:42:15,283 [WARN] DbBoardsPdsc:254 - Board STM32H7B3I-EVAL: unknown feature type=Motor, name=, username=Motor Control, n=1
2026-06-06 08:42:15,307 [INFO] DbBoardsJson:87 - JSON generation date=Tue Nov 16 23:17:54 ICT 2021 (1637079474)
2026-06-06 08:42:15,324 [INFO] DbBoards:117 - Found 167 boards (158 are supported by CubeMX)
2026-06-06 08:42:15,327 [INFO] DbBoardsDocs:143 - JSON generation date=Tue Nov 16 23:17:54 ICT 2021 (1637079474)
2026-06-06 08:42:15,333 [INFO] DbBoardsDocs:79 - Found 209 boards documents
2026-06-06 08:42:15,334 [WARN] DbBoards:127 - board B-L475E-IOT01A2 has no document id list !
2026-06-06 08:42:15,335 [WARN] DbBoards:127 - board NUCLEO-H743ZI has no document id list !
2026-06-06 08:42:15,337 [WARN] DbBoards:127 - board NUCLEO-WL55JC2 has no document id list !
2026-06-06 08:42:15,337 [WARN] DbBoards:127 - board P-NUCLEO-WB55-Nucleo has no document id list !
2026-06-06 08:42:15,337 [WARN] DbBoards:127 - board P-NUCLEO-WB55-USBDongle has no document id list !
2026-06-06 08:42:15,337 [WARN] DbBoards:127 - board STEVAL-BFA001V1B has no document id list !
2026-06-06 08:42:15,338 [WARN] DbBoards:127 - board STEVAL-BFA001V2B has no document id list !
2026-06-06 08:42:15,338 [WARN] DbBoards:127 - board STEVAL-IDP005V1 has no document id list !
2026-06-06 08:42:15,338 [WARN] DbBoards:127 - board STEVAL-IDP005V2 has no document id list !
2026-06-06 08:42:15,338 [WARN] DbBoards:127 - board STEVAL-MKSBOX1V1 has no document id list !
2026-06-06 08:42:15,338 [WARN] DbBoards:127 - board STEVAL-STWINKT1 has no document id list !
2026-06-06 08:42:15,338 [WARN] DbBoards:127 - board STEVAL-STWINKT1B has no document id list !
2026-06-06 08:42:15,338 [WARN] DbBoards:127 - board STM32439I-EVAL2 has no document id list !
2026-06-06 08:42:15,339 [WARN] DbBoards:127 - board STM32F401C-DISCO has no document id list !
2026-06-06 08:42:15,339 [WARN] DbBoards:127 - board STM32F769I-DISC1 has no document id list !
2026-06-06 08:42:15,340 [WARN] DbBoards:127 - board STM32G474E-EVAL1 has no document id list !
2026-06-06 08:42:15,340 [WARN] DbBoards:127 - board STM32H743I-EVAL2 has no document id list !
2026-06-06 08:42:15,340 [WARN] DbBoards:127 - board STM32H747I-DISC1 has no document id list !
2026-06-06 08:42:15,341 [WARN] DbBoards:127 - board STM32H753I-EVAL2 has no document id list !
2026-06-06 08:42:15,341 [WARN] DbBoards:127 - board STM32L-DISCOVERY has no document id list !
2026-06-06 08:42:15,998 [ERROR] DbBoards:189 - Image file not found for board B-U585I-IOT02A: C:\ST\STM32CubeIDE_1.6.1\STM32CubeIDE\plugins\com.st.stm32cube.common.mx_6.2.1.202103241236\\db\/plugins/mcufinder/images/boards/B-U585I-IOT02A_small.jpg
2026-06-06 08:42:16,122 [ERROR] DbBoards:189 - Image file not found for board NUCLEO-F413ZH: C:\ST\STM32CubeIDE_1.6.1\STM32CubeIDE\plugins\com.st.stm32cube.common.mx_6.2.1.202103241236\\db\/plugins/mcufinder/images/boards/nucleo-f413zh_small.jpg
2026-06-06 08:42:16,367 [ERROR] DbBoards:189 - Image file not found for board NUCLEO-L552ZE-Q: C:\ST\STM32CubeIDE_1.6.1\STM32CubeIDE\plugins\com.st.stm32cube.common.mx_6.2.1.202103241236\\db\/plugins/mcufinder/images/boards/nucleo_l552ze_q_small.jpg
2026-06-06 08:42:16,368 [ERROR] DbBoards:189 - Image file not found for board NUCLEO-U575ZI-Q: C:\ST\STM32CubeIDE_1.6.1\STM32CubeIDE\plugins\com.st.stm32cube.common.mx_6.2.1.202103241236\\db\/plugins/mcufinder/images/boards/nucleo-u575zi-q_small.jpg
2026-06-06 08:42:16,368 [ERROR] DbBoards:189 - Image file not found for board NUCLEO-WB15CC: C:\ST\STM32CubeIDE_1.6.1\STM32CubeIDE\plugins\com.st.stm32cube.common.mx_6.2.1.202103241236\\db\/plugins/mcufinder/images/boards/nucleo-wb15cc_small.jpg
2026-06-06 08:42:16,368 [ERROR] DbBoards:189 - Image file not found for board NUCLEO-WB55RG: C:\ST\STM32CubeIDE_1.6.1\STM32CubeIDE\plugins\com.st.stm32cube.common.mx_6.2.1.202103241236\\db\/plugins/mcufinder/images/boards/nucleo-wb55rg_small.jpg
2026-06-06 08:42:17,573 [ERROR] DbBoards:189 - Image file not found for board STM32U575I-EV: C:\ST\STM32CubeIDE_1.6.1\STM32CubeIDE\plugins\com.st.stm32cube.common.mx_6.2.1.202103241236\\db\/plugins/mcufinder/images/boards/stm32u575i-ev_small.jpg
2026-06-06 08:42:17,669 [INFO] ApiDb:251 - Load user favorites file C:\Users\Admin/.stm32cubeide/favorites.boards.txt: 0 item(s)
2026-06-06 08:42:17,670 [INFO] ApiDb:255 - User favorites Boards=[]
2026-06-06 08:42:17,670 [INFO] DbBoards:206 - Set 0 / 0 favorites Boards
2026-06-06 08:42:17,675 [INFO] DbBoardsDocs:79 - Found 418 boards documents
2026-06-06 08:42:17,676 [INFO] ApiDb:276 - Save user favorites file C:\Users\Admin/.stm32cubeide/favorites.boards.txt: 0 item(s)
2026-06-06 08:42:17,676 [INFO] ApiDb:280 - User favorites Boards=[]
2026-06-06 08:42:17,683 [INFO] DbBoardsPdsc:90 - Found 24 items
2026-06-06 08:42:17,685 [INFO] DbBoardsPdsc:90 - Found 9 items
2026-06-06 08:42:17,689 [INFO] DbBoardsPdsc:90 - Found 33 items
2026-06-06 08:42:17,691 [INFO] DbBoardsPdsc:90 - Found 1 items
2026-06-06 08:42:17,698 [INFO] DbBoardsPdsc:90 - Found 46 items
2026-06-06 08:42:17,706 [INFO] DbBoardsPdsc:90 - Found 41 items
2026-06-06 08:42:17,708 [INFO] DbBoardsPdsc:90 - Found 2 items
2026-06-06 08:42:17,710 [INFO] DbBoardsPdsc:90 - Found 5 items
2026-06-06 08:42:17,711 [WARN] DbBoardsPdsc:254 - Board NUCLEO-WB15CC: unknown feature type=, name=, username=Three user LEDs, n=1
2026-06-06 08:42:17,712 [WARN] DbBoardsPdsc:254 - Board NUCLEO-WB15CC: unknown feature type=, name=, username=One reset and three user push-buttons, n=1
2026-06-06 08:42:17,712 [WARN] DbBoardsPdsc:254 - Board NUCLEO-WB15CC: unknown feature type=, name=, username=Arduino Uno V3 expansion connector, n=1
2026-06-06 08:42:17,712 [WARN] DbBoardsPdsc:254 - Board NUCLEO-WB15CC: unknown feature type=, name=, username=ST morpho extension pin headers for full access to all STM32WB I/Os, n=1
2026-06-06 08:42:17,712 [WARN] DbBoardsPdsc:254 - Board NUCLEO-WB15CC: unknown feature type=, name=, username=Integrated PCB antenna and SMA connector footprint, n=1
2026-06-06 08:42:17,712 [WARN] DbBoardsPdsc:254 - Board NUCLEO-WB15CC: unknown feature type=, name=, username=Flexible power-supply options: ST-LINK, USB VBUS, or external sources, n=1
2026-06-06 08:42:17,712 [WARN] DbBoardsPdsc:254 - Board NUCLEO-WB15CC: unknown feature type=, name=, username=On-board footprint to mount a CR2032 battery socket, n=1
2026-06-06 08:42:17,712 [WARN] DbBoardsPdsc:254 - Board NUCLEO-WB15CC: unknown feature type=, name=, username=On-board ST-LINK/V2-1 debugger/programmer with USB re-enumeration capability: mass storage, Virtual COM port, and debug port, n=1
2026-06-06 08:42:17,712 [WARN] DbBoardsPdsc:254 - Board NUCLEO-WB15CC: unknown feature type=, name=, username=Comprehensive free software libraries and examples available with the STM32CubeWB MCU Package, n=1
2026-06-06 08:42:17,712 [WARN] DbBoardsPdsc:254 - Board NUCLEO-WB15CC: unknown feature type=, name=, username=Support of a wide choice of Integrated Development Environments (IDEs) including IAR Embedded Workbench, MDK-ARM, STM32CubeIDE, and Mbed Studio, n=1
2026-06-06 08:42:17,714 [WARN] DbBoardsPdsc:254 - Board STM32H7B3I-DK: unknown feature type=Audio, name=, username=Audio stereo codec with Headphone Amp (CS42L51-CNZ), n=1
2026-06-06 08:42:17,714 [WARN] DbBoardsPdsc:254 - Board STM32H735G-DK: unknown feature type=Audio, name=, username=Audio stereo codec with Headphone Amp (WM8994ECS/R), n=1
2026-06-06 08:42:17,714 [WARN] DbBoardsPdsc:254 - Board STM32WB5MM-DK: unknown feature type=, name=, username=Time-of-Flight and gesture-detection sensor, n=1
2026-06-06 08:42:17,715 [WARN] DbBoardsPdsc:254 - Board STM32WB5MM-DK: unknown feature type=, name=, username=3 push-buttons (2 users and 1 reset) and 1 touch key button, n=1
2026-06-06 08:42:17,715 [WARN] DbBoardsPdsc:254 - Board STM32WB5MM-DK: unknown feature type=, name=, username=Flexible power-supply options: ST-LINK/V2-1 USB connector, 5 V delivered by ARDUINO® or external connector, USB charger, or USB power, n=1
2026-06-06 08:42:17,715 [WARN] DbBoardsPdsc:254 - Board STM32WB5MM-DK: unknown feature type=, name=, username=On-board ST-LINK/V2-1 debugger/programmer with USB re-enumeration capability: Virtual COM port and debug port, n=1
2026-06-06 08:42:17,715 [WARN] DbBoardsPdsc:254 - Board STM32WB5MM-DK: unknown feature type=, name=, username=Comprehensive free software libraries and examples available with the STM32CubeWB MCU Package, n=1
2026-06-06 08:42:17,715 [WARN] DbBoardsPdsc:254 - Board STM32WB5MM-DK: unknown feature type=, name=, username=Support of a wide choice of Integrated Development Environments (IDEs) including IAR Embedded Workbench®, MDK-ARM, and STM32CubeIDE, n=1
2026-06-06 08:42:17,717 [WARN] DbBoardsPdsc:254 - Board STM32H7B3I-EVAL: unknown feature type=Audio, name=, username=Multi-Channel Audio Codec (CS42L51-CNZ), n=1
2026-06-06 08:42:17,717 [WARN] DbBoardsPdsc:254 - Board STM32H7B3I-EVAL: unknown feature type=Meter, name=, username=Power-metering and Temperature-monitoring with sigma-delta modulators, n=1
2026-06-06 08:42:17,717 [WARN] DbBoardsPdsc:254 - Board STM32H7B3I-EVAL: unknown feature type=Motor, name=, username=Motor Control, n=1
2026-06-06 08:42:17,750 [INFO] DbBoardsJson:87 - JSON generation date=Tue Nov 16 23:17:54 ICT 2021 (1637079474)
2026-06-06 08:42:17,758 [INFO] DbBoards:117 - Found 167 boards (158 are supported by CubeMX)
2026-06-06 08:42:17,759 [WARN] DbBoards:127 - board B-L475E-IOT01A2 has no document id list !
2026-06-06 08:42:17,759 [WARN] DbBoards:127 - board NUCLEO-H743ZI has no document id list !
2026-06-06 08:42:17,759 [WARN] DbBoards:127 - board NUCLEO-WL55JC2 has no document id list !
2026-06-06 08:42:17,760 [WARN] DbBoards:127 - board P-NUCLEO-WB55-Nucleo has no document id list !
2026-06-06 08:42:17,760 [WARN] DbBoards:127 - board P-NUCLEO-WB55-USBDongle has no document id list !
2026-06-06 08:42:17,760 [WARN] DbBoards:127 - board STEVAL-BFA001V1B has no document id list !
2026-06-06 08:42:17,760 [WARN] DbBoards:127 - board STEVAL-BFA001V2B has no document id list !
2026-06-06 08:42:17,760 [WARN] DbBoards:127 - board STEVAL-IDP005V1 has no document id list !
2026-06-06 08:42:17,760 [WARN] DbBoards:127 - board STEVAL-IDP005V2 has no document id list !
2026-06-06 08:42:17,760 [WARN] DbBoards:127 - board STEVAL-MKSBOX1V1 has no document id list !
2026-06-06 08:42:17,760 [WARN] DbBoards:127 - board STEVAL-STWINKT1 has no document id list !
2026-06-06 08:42:17,760 [WARN] DbBoards:127 - board STEVAL-STWINKT1B has no document id list !
2026-06-06 08:42:17,760 [WARN] DbBoards:127 - board STM32439I-EVAL2 has no document id list !
2026-06-06 08:42:17,760 [WARN] DbBoards:127 - board STM32F401C-DISCO has no document id list !
2026-06-06 08:42:17,761 [WARN] DbBoards:127 - board STM32F769I-DISC1 has no document id list !
2026-06-06 08:42:17,761 [WARN] DbBoards:127 - board STM32G474E-EVAL1 has no document id list !
2026-06-06 08:42:17,761 [WARN] DbBoards:127 - board STM32H743I-EVAL2 has no document id list !
2026-06-06 08:42:17,761 [WARN] DbBoards:127 - board STM32H747I-DISC1 has no document id list !
2026-06-06 08:42:17,761 [WARN] DbBoards:127 - board STM32H753I-EVAL2 has no document id list !
2026-06-06 08:42:17,761 [WARN] DbBoards:127 - board STM32L-DISCOVERY has no document id list !
2026-06-06 08:42:17,870 [ERROR] DbBoards:189 - Image file not found for board B-U585I-IOT02A: C:\ST\STM32CubeIDE_1.6.1\STM32CubeIDE\plugins\com.st.stm32cube.common.mx_6.2.1.202103241236\\db\/plugins/mcufinder/images/boards/B-U585I-IOT02A_small.jpg
2026-06-06 08:42:17,969 [ERROR] DbBoards:189 - Image file not found for board NUCLEO-F413ZH: C:\ST\STM32CubeIDE_1.6.1\STM32CubeIDE\plugins\com.st.stm32cube.common.mx_6.2.1.202103241236\\db\/plugins/mcufinder/images/boards/nucleo-f413zh_small.jpg
2026-06-06 08:42:18,218 [ERROR] DbBoards:189 - Image file not found for board NUCLEO-L552ZE-Q: C:\ST\STM32CubeIDE_1.6.1\STM32CubeIDE\plugins\com.st.stm32cube.common.mx_6.2.1.202103241236\\db\/plugins/mcufinder/images/boards/nucleo_l552ze_q_small.jpg
2026-06-06 08:42:18,218 [ERROR] DbBoards:189 - Image file not found for board NUCLEO-U575ZI-Q: C:\ST\STM32CubeIDE_1.6.1\STM32CubeIDE\plugins\com.st.stm32cube.common.mx_6.2.1.202103241236\\db\/plugins/mcufinder/images/boards/nucleo-u575zi-q_small.jpg
2026-06-06 08:42:18,218 [ERROR] DbBoards:189 - Image file not found for board NUCLEO-WB15CC: C:\ST\STM32CubeIDE_1.6.1\STM32CubeIDE\plugins\com.st.stm32cube.common.mx_6.2.1.202103241236\\db\/plugins/mcufinder/images/boards/nucleo-wb15cc_small.jpg
2026-06-06 08:42:18,218 [ERROR] DbBoards:189 - Image file not found for board NUCLEO-WB55RG: C:\ST\STM32CubeIDE_1.6.1\STM32CubeIDE\plugins\com.st.stm32cube.common.mx_6.2.1.202103241236\\db\/plugins/mcufinder/images/boards/nucleo-wb55rg_small.jpg
2026-06-06 08:42:19,132 [ERROR] DbBoards:189 - Image file not found for board STM32U575I-EV: C:\ST\STM32CubeIDE_1.6.1\STM32CubeIDE\plugins\com.st.stm32cube.common.mx_6.2.1.202103241236\\db\/plugins/mcufinder/images/boards/stm32u575i-ev_small.jpg
2026-06-06 08:42:19,194 [INFO] ApiDb:251 - Load user favorites file C:\Users\Admin/.stm32cubeide/favorites.boards.txt: 0 item(s)
2026-06-06 08:42:19,194 [INFO] ApiDb:255 - User favorites Boards=[]
2026-06-06 08:42:19,195 [INFO] DbBoards:206 - Set 0 / 0 favorites Boards
2026-06-06 08:42:19,455 [INFO] CrossSelectorPresenter:1330 - Cross Selector saved comparison directory: C:\Users\Admin\.stmcufinder\plugins\mcufinder\mcu\cs_comparisons_mx
2026-06-06 08:42:19,463 [INFO] MultiScanPanel:200 - Auto-refresh data requested => check proxy status ongoing
2026-06-06 08:42:19,466 [INFO] FinderPluginLoader:87 - Searching for filters in installed packs
2026-06-06 08:42:20,129 [WARN] DetailPanel:315 - Failed to get advertising image, set to default
2026-06-06 08:46:47,983 [INFO] Activator:170 - 


2026-06-06 08:46:47,986 [INFO] Activator:171 - !SESSION log4j initialized
2026-06-06 08:54:34,333 [INFO] McuFinderGlobals:39 - Set McuFinder mode to 2 (CubeIDE integrated)
2026-06-06 08:54:34,689 [INFO] ApplicationProperties:181 - Using Application install path: C:\ST\STM32CubeIDE_1.6.1\STM32CubeIDE\plugins\com.st.stm32cube.common.mx_6.2.1.202103241236
2026-06-06 08:54:34,701 [INFO] DbMcusXml:74 - Set database path to: C:\ST\STM32CubeIDE_1.6.1\STM32CubeIDE\plugins\com.st.stm32cube.common.mx_6.2.1.202103241236\\db\/mcu/
2026-06-06 08:54:34,706 [INFO] DbBoardsPdsc:56 - Set plugin database path to: C:\ST\STM32CubeIDE_1.6.1\STM32CubeIDE\plugins\com.st.stm32cube.common.mx_6.2.1.202103241236\\db\/plugins/boardmanager/
2026-06-06 08:54:34,706 [INFO] DbMcus:258 - Set plugin images path to: C:\ST\STM32CubeIDE_1.6.1\STM32CubeIDE\plugins\com.st.stm32cube.common.mx_6.2.1.202103241236\\db\/plugins/mcufinder/images/
2026-06-06 08:54:34,706 [INFO] DbBoards:264 - Set plugin images path to: C:\ST\STM32CubeIDE_1.6.1\STM32CubeIDE\plugins\com.st.stm32cube.common.mx_6.2.1.202103241236\\db\/plugins/mcufinder/images/
2026-06-06 08:54:34,709 [INFO] DbExamples:333 - Set plugin images path to: C:\ST\STM32CubeIDE_1.6.1\STM32CubeIDE\plugins\com.st.stm32cube.common.mx_6.2.1.202103241236\\db\/plugins/mcufinder/images/
2026-06-06 08:54:34,715 [INFO] DbMcusAds:85 - Set database path to: C:\Users\Admin\.stmcufinder\plugins\mcufinder//mcu/
2026-06-06 08:54:34,716 [INFO] DbMcusDocs:110 - Set database path to: C:\Users\Admin\.stmcufinder\plugins\mcufinder//mcu/
2026-06-06 08:54:34,718 [INFO] DbMcusJson:65 - Set database path to: C:\Users\Admin\.stmcufinder\plugins\mcufinder//mcu/
2026-06-06 08:54:34,719 [INFO] DbBoardsDocs:110 - Set database path to: C:\Users\Admin\.stmcufinder\plugins\mcufinder//mcu/
2026-06-06 08:54:34,721 [INFO] DbBoardsJson:58 - Set database path to: C:\Users\Admin\.stmcufinder\plugins\mcufinder//mcu/
2026-06-06 08:54:34,728 [INFO] CrossReferenceDbSqlite:196 - Set database path to: C:\Users\Admin\.stmcufinder\plugins\mcufinder//mcu/cs/
2026-06-06 08:54:34,732 [INFO] DbExamplesSqlite:690 - Set database path to: C:\Users\Admin\.stmcufinder\plugins\mcufinder//mcu/
2026-06-06 08:54:34,855 [INFO] RulesReader:52 - Compatibility file has been processed (237 Rules)
2026-06-06 08:54:34,960 [INFO] MicroXplorer:622 - Detected Java Version = 11.0.9.1
2026-06-06 08:54:34,962 [INFO] DbMcusXml:74 - Set database path to: C:\ST\STM32CubeIDE_1.6.1\STM32CubeIDE\plugins\com.st.stm32cube.common.mx_6.2.1.202103241236\\db\/mcu/
2026-06-06 08:54:34,962 [INFO] DbBoardsPdsc:56 - Set plugin database path to: C:\ST\STM32CubeIDE_1.6.1\STM32CubeIDE\plugins\com.st.stm32cube.common.mx_6.2.1.202103241236\\db\/plugins/boardmanager/
2026-06-06 08:54:34,963 [INFO] DbMcus:258 - Set plugin images path to: C:\ST\STM32CubeIDE_1.6.1\STM32CubeIDE\plugins\com.st.stm32cube.common.mx_6.2.1.202103241236\\db\/plugins/mcufinder/images/
2026-06-06 08:54:34,963 [INFO] DbBoards:264 - Set plugin images path to: C:\ST\STM32CubeIDE_1.6.1\STM32CubeIDE\plugins\com.st.stm32cube.common.mx_6.2.1.202103241236\\db\/plugins/mcufinder/images/
2026-06-06 08:54:34,963 [INFO] DbExamples:333 - Set plugin images path to: C:\ST\STM32CubeIDE_1.6.1\STM32CubeIDE\plugins\com.st.stm32cube.common.mx_6.2.1.202103241236\\db\/plugins/mcufinder/images/
2026-06-06 08:54:34,963 [WARN] DbFile:35 - Overriding database path with different value: C:\Users\Admin\.stmcufinder\plugins\mcufinder/ => C:\Users\Admin\.stmcufinder\plugins\mcufinder
2026-06-06 08:54:34,963 [INFO] DbMcusAds:85 - Set database path to: C:\Users\Admin\.stmcufinder\plugins\mcufinder//mcu/
2026-06-06 08:54:34,963 [WARN] DbFile:35 - Overriding database path with different value: C:\Users\Admin\.stmcufinder\plugins\mcufinder/ => C:\Users\Admin\.stmcufinder\plugins\mcufinder
2026-06-06 08:54:34,963 [INFO] DbMcusDocs:110 - Set database path to: C:\Users\Admin\.stmcufinder\plugins\mcufinder//mcu/
2026-06-06 08:54:34,964 [WARN] DbFile:35 - Overriding database path with different value: C:\Users\Admin\.stmcufinder\plugins\mcufinder/ => C:\Users\Admin\.stmcufinder\plugins\mcufinder
2026-06-06 08:54:34,964 [INFO] DbMcusJson:65 - Set database path to: C:\Users\Admin\.stmcufinder\plugins\mcufinder//mcu/
2026-06-06 08:54:34,964 [WARN] DbFile:35 - Overriding database path with different value: C:\Users\Admin\.stmcufinder\plugins\mcufinder/ => C:\Users\Admin\.stmcufinder\plugins\mcufinder
2026-06-06 08:54:34,964 [INFO] DbBoardsDocs:110 - Set database path to: C:\Users\Admin\.stmcufinder\plugins\mcufinder//mcu/
2026-06-06 08:54:34,964 [WARN] DbFile:35 - Overriding database path with different value: C:\Users\Admin\.stmcufinder\plugins\mcufinder/ => C:\Users\Admin\.stmcufinder\plugins\mcufinder
2026-06-06 08:54:34,964 [INFO] DbBoardsJson:58 - Set database path to: C:\Users\Admin\.stmcufinder\plugins\mcufinder//mcu/
2026-06-06 08:54:34,964 [WARN] DbFile:35 - Overriding database path with different value: C:\Users\Admin\.stmcufinder\plugins\mcufinder/ => C:\Users\Admin\.stmcufinder\plugins\mcufinder
2026-06-06 08:54:34,965 [WARN] DbFile:35 - Overriding database path with different value: C:\Users\Admin\.stmcufinder\plugins\mcufinder/ => C:\Users\Admin\.stmcufinder\plugins\mcufinder
2026-06-06 08:54:34,965 [INFO] CrossReferenceDbSqlite:196 - Set database path to: C:\Users\Admin\.stmcufinder\plugins\mcufinder//mcu/cs/
2026-06-06 08:54:34,965 [WARN] DbFile:35 - Overriding database path with different value: C:\Users\Admin\.stmcufinder\plugins\mcufinder/ => C:\Users\Admin\.stmcufinder\plugins\mcufinder
2026-06-06 08:54:34,965 [INFO] DbExamplesSqlite:690 - Set database path to: C:\Users\Admin\.stmcufinder\plugins\mcufinder//mcu/
2026-06-06 08:54:35,046 [INFO] MainPanel:204 - HeapMemory: 268435456
2026-06-06 08:54:35,113 [INFO] DbMcusXml:74 - Set database path to: C:\ST\STM32CubeIDE_1.6.1\STM32CubeIDE\plugins\com.st.stm32cube.common.mx_6.2.1.202103241236\\db\/mcu/
2026-06-06 08:54:35,113 [INFO] DbBoardsPdsc:56 - Set plugin database path to: C:\ST\STM32CubeIDE_1.6.1\STM32CubeIDE\plugins\com.st.stm32cube.common.mx_6.2.1.202103241236\\db\/plugins/boardmanager/
2026-06-06 08:54:35,113 [INFO] DbMcus:258 - Set plugin images path to: C:\ST\STM32CubeIDE_1.6.1\STM32CubeIDE\plugins\com.st.stm32cube.common.mx_6.2.1.202103241236\\db\/plugins/mcufinder/images/
2026-06-06 08:54:35,113 [INFO] DbBoards:264 - Set plugin images path to: C:\ST\STM32CubeIDE_1.6.1\STM32CubeIDE\plugins\com.st.stm32cube.common.mx_6.2.1.202103241236\\db\/plugins/mcufinder/images/
2026-06-06 08:54:35,113 [INFO] DbExamples:333 - Set plugin images path to: C:\ST\STM32CubeIDE_1.6.1\STM32CubeIDE\plugins\com.st.stm32cube.common.mx_6.2.1.202103241236\\db\/plugins/mcufinder/images/
2026-06-06 08:54:35,114 [WARN] DbFile:35 - Overriding database path with different value: C:\Users\Admin\.stmcufinder\plugins\mcufinder/ => C:\Users\Admin\.stmcufinder\plugins\mcufinder
2026-06-06 08:54:35,114 [INFO] DbMcusAds:85 - Set database path to: C:\Users\Admin\.stmcufinder\plugins\mcufinder//mcu/
2026-06-06 08:54:35,114 [WARN] DbFile:35 - Overriding database path with different value: C:\Users\Admin\.stmcufinder\plugins\mcufinder/ => C:\Users\Admin\.stmcufinder\plugins\mcufinder
2026-06-06 08:54:35,114 [INFO] DbMcusDocs:110 - Set database path to: C:\Users\Admin\.stmcufinder\plugins\mcufinder//mcu/
2026-06-06 08:54:35,114 [WARN] DbFile:35 - Overriding database path with different value: C:\Users\Admin\.stmcufinder\plugins\mcufinder/ => C:\Users\Admin\.stmcufinder\plugins\mcufinder
2026-06-06 08:54:35,114 [INFO] DbMcusJson:65 - Set database path to: C:\Users\Admin\.stmcufinder\plugins\mcufinder//mcu/
2026-06-06 08:54:35,114 [WARN] DbFile:35 - Overriding database path with different value: C:\Users\Admin\.stmcufinder\plugins\mcufinder/ => C:\Users\Admin\.stmcufinder\plugins\mcufinder
2026-06-06 08:54:35,115 [INFO] DbBoardsDocs:110 - Set database path to: C:\Users\Admin\.stmcufinder\plugins\mcufinder//mcu/
2026-06-06 08:54:35,115 [WARN] DbFile:35 - Overriding database path with different value: C:\Users\Admin\.stmcufinder\plugins\mcufinder/ => C:\Users\Admin\.stmcufinder\plugins\mcufinder
2026-06-06 08:54:35,115 [INFO] DbBoardsJson:58 - Set database path to: C:\Users\Admin\.stmcufinder\plugins\mcufinder//mcu/
2026-06-06 08:54:35,115 [WARN] DbFile:35 - Overriding database path with different value: C:\Users\Admin\.stmcufinder\plugins\mcufinder/ => C:\Users\Admin\.stmcufinder\plugins\mcufinder
2026-06-06 08:54:35,115 [WARN] DbFile:35 - Overriding database path with different value: C:\Users\Admin\.stmcufinder\plugins\mcufinder/ => C:\Users\Admin\.stmcufinder\plugins\mcufinder
2026-06-06 08:54:35,115 [INFO] CrossReferenceDbSqlite:196 - Set database path to: C:\Users\Admin\.stmcufinder\plugins\mcufinder//mcu/cs/
2026-06-06 08:54:35,115 [WARN] DbFile:35 - Overriding database path with different value: C:\Users\Admin\.stmcufinder\plugins\mcufinder/ => C:\Users\Admin\.stmcufinder\plugins\mcufinder
2026-06-06 08:54:35,115 [INFO] DbExamplesSqlite:690 - Set database path to: C:\Users\Admin\.stmcufinder\plugins\mcufinder//mcu/
2026-06-06 08:54:35,134 [INFO] ApplicationProperties:181 - Using Application install path: C:\ST\STM32CubeIDE_1.6.1\STM32CubeIDE\plugins\com.st.stm32cube.common.mx_6.2.1.202103241236
2026-06-06 08:54:35,135 [INFO] PluginManage:178 - Search for loadable plugins [exclusion list=, ]
2026-06-06 08:54:35,136 [INFO] PluginManage:292 - Check plugin analytics
2026-06-06 08:54:35,337 [INFO] AnalyticsPlugin:233 - Accepted Software Licenses: STM32CubeMX.5.2.0,STM32CubeMX.6.2.1,STM32CubeMX.6.6.1,STM32CubeMX.6.13.0
2026-06-06 08:54:35,338 [INFO] AnalyticsPlugin:235 - Accepted CMSIS Pack Licenses: 
2026-06-06 08:54:35,338 [INFO] AnalyticsPlugin:237 - Accepted Firmware Licenses: FW.F4.1.27.0,FW.L4.1.18.0,FW.F4.1.28.0
2026-06-06 08:54:35,338 [INFO] PluginManage:342 - Loaded plugin analytics (category:tool,tabindex:-1)
2026-06-06 08:54:35,339 [INFO] PluginManage:292 - Check plugin clock
2026-06-06 08:54:35,351 [INFO] PluginManage:342 - Loaded plugin clock (category:base,tabindex:2)
2026-06-06 08:54:35,351 [INFO] PluginManage:292 - Check plugin ddr
2026-06-06 08:54:35,354 [INFO] PluginManage:342 - Loaded plugin ddr (category:tool,tabindex:6)
2026-06-06 08:54:35,354 [INFO] PluginManage:292 - Check plugin filemanager
2026-06-06 08:54:35,482 [INFO] PluginManage:342 - Loaded plugin filemanager (category:base,tabindex:10)
2026-06-06 08:54:35,482 [INFO] PluginManage:292 - Check plugin ipmanager
2026-06-06 08:54:35,491 [INFO] PluginManage:342 - Loaded plugin ipmanager (category:base,tabindex:5)
2026-06-06 08:54:35,491 [INFO] PluginManage:292 - Check plugin pinoutandconfiguration
2026-06-06 08:54:35,501 [INFO] PluginManage:342 - Loaded plugin pinoutandconfiguration (category:base,tabindex:1)
2026-06-06 08:54:35,502 [INFO] PluginManage:292 - Check plugin pinoutconfig
2026-06-06 08:54:35,538 [INFO] PluginManage:342 - Loaded plugin pinoutconfig (category:base,tabindex:0)
2026-06-06 08:54:35,538 [INFO] PluginManage:292 - Check plugin power
2026-06-06 08:54:35,549 [INFO] PluginManage:342 - Loaded plugin power (category:power,tabindex:4)
2026-06-06 08:54:35,549 [INFO] PluginManage:292 - Check plugin projectmanager
2026-06-06 08:54:35,568 [INFO] PluginManage:342 - Loaded plugin projectmanager (category:projectmanager,tabindex:3)
2026-06-06 08:54:35,569 [INFO] PluginManage:292 - Check plugin thirdparty
2026-06-06 08:54:35,719 [INFO] PluginManage:342 - Loaded plugin thirdparty (category:base,tabindex:-1)
2026-06-06 08:54:35,720 [INFO] PluginManage:292 - Check plugin tools
2026-06-06 08:54:35,720 [WARN] IntegrityCheckThread:59 - waiting for thirdparty lock release [integrity check]
2026-06-06 08:54:35,720 [INFO] IntegrityCheckThread:61 - entering critical section [integrity check]
2026-06-06 08:54:35,721 [INFO] ThirdPartyUpdaterWithRetryManager:56 - Updater plugin not ready yet. [1/15]
2026-06-06 08:54:35,723 [INFO] PluginManage:342 - Loaded plugin tools (category:base,tabindex:7)
2026-06-06 08:54:35,723 [INFO] PluginManage:292 - Check plugin tutovideos
2026-06-06 08:54:35,942 [INFO] PluginManage:342 - Loaded plugin tutovideos (category:base,tabindex:-1)
2026-06-06 08:54:35,942 [INFO] PluginManage:292 - Check plugin updater
2026-06-06 08:54:35,959 [INFO] PluginManage:342 - Loaded plugin updater (category:base,tabindex:12)
2026-06-06 08:54:35,960 [INFO] PluginManage:265 - PluginManage : Loaded plugins [13]
2026-06-06 08:54:36,134 [INFO] PinOutPanel:1435 - setPackage(No Configuration,No Configuration)
2026-06-06 08:54:36,228 [INFO] IPUIPlugin:64 - create IPUIPlugin
2026-06-06 08:54:36,228 [INFO] PluginManager:203 - loadIPPluginJar : add adc
2026-06-06 08:54:36,231 [INFO] IPUIPlugin:64 - create IPUIPlugin
2026-06-06 08:54:36,231 [INFO] PluginManager:203 - loadIPPluginJar : add aes
2026-06-06 08:54:36,234 [INFO] IPUIPlugin:64 - create IPUIPlugin
2026-06-06 08:54:36,234 [INFO] PluginManager:203 - loadIPPluginJar : add can
2026-06-06 08:54:36,236 [INFO] IPUIPlugin:64 - create IPUIPlugin
2026-06-06 08:54:36,236 [INFO] PluginManager:203 - loadIPPluginJar : add comp
2026-06-06 08:54:36,239 [INFO] IPUIPlugin:64 - create IPUIPlugin
2026-06-06 08:54:36,239 [INFO] PluginManager:203 - loadIPPluginJar : add cryp
2026-06-06 08:54:36,242 [INFO] IPUIPlugin:64 - create IPUIPlugin
2026-06-06 08:54:36,242 [INFO] PluginManager:203 - loadIPPluginJar : add dfsdm
2026-06-06 08:54:36,248 [INFO] IPUIPlugin:64 - create IPUIPlugin
2026-06-06 08:54:36,248 [INFO] PluginManager:203 - loadIPPluginJar : add dma
2026-06-06 08:54:36,250 [INFO] IPUIPlugin:64 - create IPUIPlugin
2026-06-06 08:54:36,250 [INFO] PluginManager:203 - loadIPPluginJar : add fatfs
2026-06-06 08:54:36,254 [INFO] IPUIPlugin:64 - create IPUIPlugin
2026-06-06 08:54:36,255 [INFO] PluginManager:203 - loadIPPluginJar : add fmc
2026-06-06 08:54:36,260 [INFO] IPUIPlugin:64 - create IPUIPlugin
2026-06-06 08:54:36,261 [INFO] PluginManager:203 - loadIPPluginJar : add freertos
2026-06-06 08:54:36,263 [INFO] IPUIPlugin:64 - create IPUIPlugin
2026-06-06 08:54:36,263 [INFO] PluginManager:203 - loadIPPluginJar : add genericplugin
2026-06-06 08:54:36,265 [INFO] IPUIPlugin:64 - create IPUIPlugin
2026-06-06 08:54:36,265 [INFO] PluginManager:203 - loadIPPluginJar : add gfxmmu
2026-06-06 08:54:36,272 [INFO] IPUIPlugin:64 - create IPUIPlugin
2026-06-06 08:54:36,272 [INFO] PluginManager:203 - loadIPPluginJar : add gic
2026-06-06 08:54:36,276 [INFO] IPUIPlugin:64 - create IPUIPlugin
2026-06-06 08:54:36,277 [INFO] PluginManager:203 - loadIPPluginJar : add gpio
2026-06-06 08:54:36,279 [INFO] IPUIPlugin:64 - create IPUIPlugin
2026-06-06 08:54:36,280 [INFO] PluginManager:203 - loadIPPluginJar : add gtzc
2026-06-06 08:54:36,282 [INFO] IPUIPlugin:64 - create IPUIPlugin
2026-06-06 08:54:36,282 [INFO] PluginManager:203 - loadIPPluginJar : add hash
2026-06-06 08:54:36,285 [INFO] IPUIPlugin:64 - create IPUIPlugin
2026-06-06 08:54:36,285 [INFO] PluginManager:203 - loadIPPluginJar : add i2c
2026-06-06 08:54:36,288 [INFO] IPUIPlugin:64 - create IPUIPlugin
2026-06-06 08:54:36,288 [INFO] PluginManager:203 - loadIPPluginJar : add i2s
2026-06-06 08:54:36,291 [INFO] IPUIPlugin:64 - create IPUIPlugin
2026-06-06 08:54:36,291 [INFO] PluginManager:203 - loadIPPluginJar : add ipddr
2026-06-06 08:54:36,294 [INFO] IPUIPlugin:64 - create IPUIPlugin
2026-06-06 08:54:36,294 [INFO] PluginManager:203 - loadIPPluginJar : add lorawan
2026-06-06 08:54:36,295 [INFO] IPUIPlugin:64 - create IPUIPlugin
2026-06-06 08:54:36,295 [INFO] PluginManager:203 - loadIPPluginJar : add ltdc
2026-06-06 08:54:36,299 [INFO] IPUIPlugin:64 - create IPUIPlugin
2026-06-06 08:54:36,300 [INFO] PluginManager:203 - loadIPPluginJar : add mdma
2026-06-06 08:54:36,304 [INFO] IPUIPlugin:64 - create IPUIPlugin
2026-06-06 08:54:36,304 [INFO] PluginManager:203 - loadIPPluginJar : add nvic
2026-06-06 08:54:36,307 [INFO] IPUIPlugin:64 - create IPUIPlugin
2026-06-06 08:54:36,308 [INFO] PluginManager:203 - loadIPPluginJar : add opamp
2026-06-06 08:54:36,310 [INFO] IPUIPlugin:64 - create IPUIPlugin
2026-06-06 08:54:36,310 [INFO] PluginManager:203 - loadIPPluginJar : add openamp
2026-06-06 08:54:36,313 [INFO] IPUIPlugin:64 - create IPUIPlugin
2026-06-06 08:54:36,313 [INFO] PluginManager:203 - loadIPPluginJar : add pdm2pcm
2026-06-06 08:54:36,320 [INFO] IPUIPlugin:64 - create IPUIPlugin
2026-06-06 08:54:36,323 [INFO] PluginManager:203 - loadIPPluginJar : add plateformsettings
2026-06-06 08:54:36,324 [INFO] IPUIPlugin:64 - create IPUIPlugin
2026-06-06 08:54:36,324 [INFO] PluginManager:203 - loadIPPluginJar : add quadspi
2026-06-06 08:54:36,328 [INFO] IPUIPlugin:64 - create IPUIPlugin
2026-06-06 08:54:36,328 [INFO] PluginManager:203 - loadIPPluginJar : add resmgrutility
2026-06-06 08:54:36,331 [INFO] IPUIPlugin:64 - create IPUIPlugin
2026-06-06 08:54:36,331 [INFO] PluginManager:203 - loadIPPluginJar : add sai
2026-06-06 08:54:36,334 [INFO] IPUIPlugin:64 - create IPUIPlugin
2026-06-06 08:54:36,334 [INFO] PluginManager:203 - loadIPPluginJar : add spi
2026-06-06 08:54:36,338 [INFO] IPUIPlugin:64 - create IPUIPlugin
2026-06-06 08:54:36,338 [INFO] PluginManager:203 - loadIPPluginJar : add stm32_wpan
2026-06-06 08:54:36,340 [INFO] IPUIPlugin:64 - create IPUIPlugin
2026-06-06 08:54:36,340 [INFO] PluginManager:203 - loadIPPluginJar : add tim
2026-06-06 08:54:36,343 [INFO] IPUIPlugin:64 - create IPUIPlugin
2026-06-06 08:54:36,344 [INFO] PluginManager:203 - loadIPPluginJar : add touchsensing
2026-06-06 08:54:36,345 [INFO] IPUIPlugin:64 - create IPUIPlugin
2026-06-06 08:54:36,346 [INFO] PluginManager:203 - loadIPPluginJar : add tracer_emb
2026-06-06 08:54:36,348 [INFO] IPUIPlugin:64 - create IPUIPlugin
2026-06-06 08:54:36,348 [INFO] PluginManager:203 - loadIPPluginJar : add ts
2026-06-06 08:54:36,350 [INFO] IPUIPlugin:64 - create IPUIPlugin
2026-06-06 08:54:36,350 [INFO] PluginManager:203 - loadIPPluginJar : add tsc
2026-06-06 08:54:36,352 [INFO] IPUIPlugin:64 - create IPUIPlugin
2026-06-06 08:54:36,352 [INFO] PluginManager:203 - loadIPPluginJar : add ucpd
2026-06-06 08:54:36,355 [INFO] IPUIPlugin:64 - create IPUIPlugin
2026-06-06 08:54:36,355 [INFO] PluginManager:203 - loadIPPluginJar : add usart
2026-06-06 08:54:36,672 [FATAL] Updater:284 - Updater called before beeing initialized
2026-06-06 08:54:36,800 [FATAL] Updater:284 - Updater called before beeing initialized
2026-06-06 08:54:36,805 [INFO] DbMcusAds:132 - JSON generation date=Thu May 28 23:08:17 ICT 2026 (1779984497073)
2026-06-06 08:54:36,805 [FATAL] Updater:284 - Updater called before beeing initialized
2026-06-06 08:54:36,841 [WARN] DetailPanel:315 - Failed to get advertising image, set to default
2026-06-06 08:54:37,065 [FATAL] Updater:284 - Updater called before beeing initialized
2026-06-06 08:54:37,067 [FATAL] Updater:284 - Updater called before beeing initialized
2026-06-06 08:54:37,067 [FATAL] Updater:284 - Updater called before beeing initialized
2026-06-06 08:54:37,067 [WARN] DetailPanel:315 - Failed to get advertising image, set to default
2026-06-06 08:54:37,069 [FATAL] Updater:284 - Updater called before beeing initialized
2026-06-06 08:54:37,116 [FATAL] Updater:284 - Updater called before beeing initialized
2026-06-06 08:54:37,116 [WARN] ThirdParty:796 - waiting for thirdparty lock release [close project]
2026-06-06 08:54:38,721 [INFO] ThirdPartyUpdaterWithRetryManager:56 - Updater plugin not ready yet. [2/15]
2026-06-06 08:54:41,722 [FATAL] Updater:284 - Updater called before beeing initialized
2026-06-06 08:54:41,722 [ERROR] AbstractThirdPartyUpdaterManager:153 - class java.lang.Integer cannot be cast to class java.util.List (java.lang.Integer and java.util.List are in module java.base of loader 'bootstrap')
2026-06-06 08:54:41,722 [INFO] ThirdParty:900 - Integrity check success = false
2026-06-06 08:54:41,722 [INFO] IntegrityCheckThread:75 - exiting critical section [integrity check]
2026-06-06 08:54:41,723 [INFO] IntegrityCheckThread:78 - End integrity checks thread
2026-06-06 08:54:41,723 [INFO] ThirdParty:798 - entering critical section [close project]
2026-06-06 08:54:41,724 [INFO] ThirdParty:809 - exiting critical section [close project]
2026-06-06 08:54:41,727 [INFO] PinOutPanel:1435 - setPackage(No Configuration,No Configuration)
2026-06-06 08:54:41,728 [FATAL] Updater:284 - Updater called before beeing initialized
2026-06-06 08:54:41,736 [ERROR] Updater:1065 - MainUpdater not yet initialized. External WinMGr cannot be set.
2026-06-06 08:54:41,739 [INFO] Updater:1002 - Updater Version found : 6.2.1
2026-06-06 08:54:41,759 [INFO] ApplicationProperties:181 - Using Application install path: C:\ST\STM32CubeIDE_1.6.1\STM32CubeIDE\plugins\com.st.stm32cube.common.mx_6.2.1.202103241236
2026-06-06 08:54:42,094 [INFO] MainUpdater:2661 - connection check result : 10
2026-06-06 08:54:42,096 [INFO] MainUpdater:255 - Updater Check For Update Now.
2026-06-06 08:54:42,096 [INFO] MicroXplorer:472 - Change Database Version : DB.6.0.21
2026-06-06 08:54:42,202 [INFO] CheckServerUpdateThread:102 - End of CheckServer Thread
2026-06-06 08:54:42,204 [INFO] MainUpdater:2661 - connection check result : 10
2026-06-06 08:54:42,447 [INFO] ServerAccessManage:348 - Download File ad.zip
2026-06-06 08:54:42,633 [INFO] FileExtend:225 - Unzip File : ad.zip
2026-06-06 08:54:42,634 [INFO] FileExtend:240 - Standard Zip Deflate
2026-06-06 08:54:42,682 [INFO] LoadUrlFilesThread:135 - End of LoadUrlFiles Thread
2026-06-06 08:54:42,920 [INFO] ServerAccessManage:348 - Download File mcusAds.json._tmp_
2026-06-06 08:54:42,938 [INFO] LoadUrlFilesThread:135 - End of LoadUrlFiles Thread
2026-06-06 08:55:02,705 [ERROR] ServerAccessManage:989 - HTTP unexpected response (522) for http://stmcufinder.com/API/getFiles.php?
2026-06-06 08:55:02,706 [ERROR] ServerAccessManage:517 - Error during Access to HTTP Server. : mcusDocs.json._tmp_.
2026-06-06 08:55:48,415 [INFO] LoadUrlFilesThread:135 - End of LoadUrlFiles Thread
2026-06-06 08:55:49,346 [INFO] DbMcusAds:132 - JSON generation date=Thu May 28 23:08:17 ICT 2026 (1779984497073)
2026-06-06 08:55:49,360 [INFO] DbMcusDocs:143 - JSON generation date=Tue Nov 16 23:17:54 ICT 2021 (1637079474)
2026-06-06 08:55:49,361 [INFO] DbMcusXml:100 - Load MCU database from C:\ST\STM32CubeIDE_1.6.1\STM32CubeIDE\plugins\com.st.stm32cube.common.mx_6.2.1.202103241236\\db\/mcu/families.xml
2026-06-06 08:55:50,254 [INFO] DbMcusJson:94 - JSON generation date=Tue Nov 16 23:17:54 ICT 2021 (1637079474)
2026-06-06 08:55:51,055 [INFO] DbMcus:175 - Found 1906 MCUs (1866 are supported by CubeMX, 1920 are visible in CubeMX)
2026-06-06 08:55:51,056 [INFO] ApiDb:251 - Load user favorites file C:\Users\Admin/.stm32cubeide/favorites.mcus.txt: 0 item(s)
2026-06-06 08:55:51,056 [INFO] ApiDb:255 - User favorites MCUs=[]
2026-06-06 08:55:51,056 [INFO] DbMcus:187 - Set 0 / 0 favorites MCUs
2026-06-06 08:55:51,490 [INFO] DbMcusDocs:79 - Found 682 MCUs documents
2026-06-06 08:55:51,491 [INFO] ApiDb:276 - Save user favorites file C:\Users\Admin/.stm32cubeide/favorites.mcus.txt: 0 item(s)
2026-06-06 08:55:51,491 [INFO] ApiDb:280 - User favorites MCUs=[]
2026-06-06 08:55:51,491 [INFO] DbMcusXml:100 - Load MCU database from C:\ST\STM32CubeIDE_1.6.1\STM32CubeIDE\plugins\com.st.stm32cube.common.mx_6.2.1.202103241236\\db\/mcu/families.xml
2026-06-06 08:55:52,306 [INFO] DbMcusJson:94 - JSON generation date=Tue Nov 16 23:17:54 ICT 2021 (1637079474)
2026-06-06 08:55:52,980 [INFO] DbMcus:175 - Found 1906 MCUs (1866 are supported by CubeMX, 1920 are visible in CubeMX)
2026-06-06 08:55:52,981 [INFO] ApiDb:251 - Load user favorites file C:\Users\Admin/.stm32cubeide/favorites.mcus.txt: 0 item(s)
2026-06-06 08:55:52,981 [INFO] ApiDb:255 - User favorites MCUs=[]
2026-06-06 08:55:52,981 [INFO] DbMcus:187 - Set 0 / 0 favorites MCUs
2026-06-06 08:55:52,991 [INFO] DbBoardsDocs:143 - JSON generation date=Tue Nov 16 23:17:54 ICT 2021 (1637079474)
2026-06-06 08:55:53,002 [INFO] DbBoardsPdsc:90 - Found 24 items
2026-06-06 08:55:53,005 [INFO] DbBoardsPdsc:90 - Found 9 items
2026-06-06 08:55:53,009 [INFO] DbBoardsPdsc:90 - Found 33 items
2026-06-06 08:55:53,011 [INFO] DbBoardsPdsc:90 - Found 1 items
2026-06-06 08:55:53,019 [INFO] DbBoardsPdsc:90 - Found 46 items
2026-06-06 08:55:53,027 [INFO] DbBoardsPdsc:90 - Found 41 items
2026-06-06 08:55:53,029 [INFO] DbBoardsPdsc:90 - Found 2 items
2026-06-06 08:55:53,031 [INFO] DbBoardsPdsc:90 - Found 5 items
2026-06-06 08:55:53,034 [WARN] DbBoardsPdsc:254 - Board NUCLEO-WB15CC: unknown feature type=, name=, username=Three user LEDs, n=1
2026-06-06 08:55:53,034 [WARN] DbBoardsPdsc:254 - Board NUCLEO-WB15CC: unknown feature type=, name=, username=One reset and three user push-buttons, n=1
2026-06-06 08:55:53,035 [WARN] DbBoardsPdsc:254 - Board NUCLEO-WB15CC: unknown feature type=, name=, username=Arduino Uno V3 expansion connector, n=1
2026-06-06 08:55:53,035 [WARN] DbBoardsPdsc:254 - Board NUCLEO-WB15CC: unknown feature type=, name=, username=ST morpho extension pin headers for full access to all STM32WB I/Os, n=1
2026-06-06 08:55:53,035 [WARN] DbBoardsPdsc:254 - Board NUCLEO-WB15CC: unknown feature type=, name=, username=Integrated PCB antenna and SMA connector footprint, n=1
2026-06-06 08:55:53,035 [WARN] DbBoardsPdsc:254 - Board NUCLEO-WB15CC: unknown feature type=, name=, username=Flexible power-supply options: ST-LINK, USB VBUS, or external sources, n=1
2026-06-06 08:55:53,035 [WARN] DbBoardsPdsc:254 - Board NUCLEO-WB15CC: unknown feature type=, name=, username=On-board footprint to mount a CR2032 battery socket, n=1
2026-06-06 08:55:53,035 [WARN] DbBoardsPdsc:254 - Board NUCLEO-WB15CC: unknown feature type=, name=, username=On-board ST-LINK/V2-1 debugger/programmer with USB re-enumeration capability: mass storage, Virtual COM port, and debug port, n=1
2026-06-06 08:55:53,035 [WARN] DbBoardsPdsc:254 - Board NUCLEO-WB15CC: unknown feature type=, name=, username=Comprehensive free software libraries and examples available with the STM32CubeWB MCU Package, n=1
2026-06-06 08:55:53,035 [WARN] DbBoardsPdsc:254 - Board NUCLEO-WB15CC: unknown feature type=, name=, username=Support of a wide choice of Integrated Development Environments (IDEs) including IAR Embedded Workbench, MDK-ARM, STM32CubeIDE, and Mbed Studio, n=1
2026-06-06 08:55:53,038 [WARN] DbBoardsPdsc:254 - Board STM32H7B3I-DK: unknown feature type=Audio, name=, username=Audio stereo codec with Headphone Amp (CS42L51-CNZ), n=1
2026-06-06 08:55:53,038 [WARN] DbBoardsPdsc:254 - Board STM32H735G-DK: unknown feature type=Audio, name=, username=Audio stereo codec with Headphone Amp (WM8994ECS/R), n=1
2026-06-06 08:55:53,038 [WARN] DbBoardsPdsc:254 - Board STM32WB5MM-DK: unknown feature type=, name=, username=Time-of-Flight and gesture-detection sensor, n=1
2026-06-06 08:55:53,038 [WARN] DbBoardsPdsc:254 - Board STM32WB5MM-DK: unknown feature type=, name=, username=3 push-buttons (2 users and 1 reset) and 1 touch key button, n=1
2026-06-06 08:55:53,038 [WARN] DbBoardsPdsc:254 - Board STM32WB5MM-DK: unknown feature type=, name=, username=Flexible power-supply options: ST-LINK/V2-1 USB connector, 5 V delivered by ARDUINO® or external connector, USB charger, or USB power, n=1
2026-06-06 08:55:53,039 [WARN] DbBoardsPdsc:254 - Board STM32WB5MM-DK: unknown feature type=, name=, username=On-board ST-LINK/V2-1 debugger/programmer with USB re-enumeration capability: Virtual COM port and debug port, n=1
2026-06-06 08:55:53,039 [WARN] DbBoardsPdsc:254 - Board STM32WB5MM-DK: unknown feature type=, name=, username=Comprehensive free software libraries and examples available with the STM32CubeWB MCU Package, n=1
2026-06-06 08:55:53,039 [WARN] DbBoardsPdsc:254 - Board STM32WB5MM-DK: unknown feature type=, name=, username=Support of a wide choice of Integrated Development Environments (IDEs) including IAR Embedded Workbench®, MDK-ARM, and STM32CubeIDE, n=1
2026-06-06 08:55:53,040 [WARN] DbBoardsPdsc:254 - Board STM32H7B3I-EVAL: unknown feature type=Audio, name=, username=Multi-Channel Audio Codec (CS42L51-CNZ), n=1
2026-06-06 08:55:53,041 [WARN] DbBoardsPdsc:254 - Board STM32H7B3I-EVAL: unknown feature type=Meter, name=, username=Power-metering and Temperature-monitoring with sigma-delta modulators, n=1
2026-06-06 08:55:53,041 [WARN] DbBoardsPdsc:254 - Board STM32H7B3I-EVAL: unknown feature type=Motor, name=, username=Motor Control, n=1
2026-06-06 08:55:53,078 [INFO] DbBoardsJson:87 - JSON generation date=Tue Nov 16 23:17:54 ICT 2021 (1637079474)
2026-06-06 08:55:53,089 [INFO] DbBoards:117 - Found 167 boards (158 are supported by CubeMX)
2026-06-06 08:55:53,091 [INFO] DbBoardsDocs:143 - JSON generation date=Tue Nov 16 23:17:54 ICT 2021 (1637079474)
2026-06-06 08:55:53,099 [INFO] DbBoardsDocs:79 - Found 209 boards documents
2026-06-06 08:55:53,099 [WARN] DbBoards:127 - board B-L475E-IOT01A2 has no document id list !
2026-06-06 08:55:53,110 [WARN] DbBoards:127 - board NUCLEO-H743ZI has no document id list !
2026-06-06 08:55:53,111 [WARN] DbBoards:127 - board NUCLEO-WL55JC2 has no document id list !
2026-06-06 08:55:53,112 [WARN] DbBoards:127 - board P-NUCLEO-WB55-Nucleo has no document id list !
2026-06-06 08:55:53,112 [WARN] DbBoards:127 - board P-NUCLEO-WB55-USBDongle has no document id list !
2026-06-06 08:55:53,112 [WARN] DbBoards:127 - board STEVAL-BFA001V1B has no document id list !
2026-06-06 08:55:53,112 [WARN] DbBoards:127 - board STEVAL-BFA001V2B has no document id list !
2026-06-06 08:55:53,112 [WARN] DbBoards:127 - board STEVAL-IDP005V1 has no document id list !
2026-06-06 08:55:53,112 [WARN] DbBoards:127 - board STEVAL-IDP005V2 has no document id list !
2026-06-06 08:55:53,112 [WARN] DbBoards:127 - board STEVAL-MKSBOX1V1 has no document id list !
2026-06-06 08:55:53,112 [WARN] DbBoards:127 - board STEVAL-STWINKT1 has no document id list !
2026-06-06 08:55:53,112 [WARN] DbBoards:127 - board STEVAL-STWINKT1B has no document id list !
2026-06-06 08:55:53,112 [WARN] DbBoards:127 - board STM32439I-EVAL2 has no document id list !
2026-06-06 08:55:53,113 [WARN] DbBoards:127 - board STM32F401C-DISCO has no document id list !
2026-06-06 08:55:53,114 [WARN] DbBoards:127 - board STM32F769I-DISC1 has no document id list !
2026-06-06 08:55:53,114 [WARN] DbBoards:127 - board STM32G474E-EVAL1 has no document id list !
2026-06-06 08:55:53,114 [WARN] DbBoards:127 - board STM32H743I-EVAL2 has no document id list !
2026-06-06 08:55:53,114 [WARN] DbBoards:127 - board STM32H747I-DISC1 has no document id list !
2026-06-06 08:55:53,115 [WARN] DbBoards:127 - board STM32H753I-EVAL2 has no document id list !
2026-06-06 08:55:53,115 [WARN] DbBoards:127 - board STM32L-DISCOVERY has no document id list !
2026-06-06 08:55:53,257 [ERROR] DbBoards:189 - Image file not found for board B-U585I-IOT02A: C:\ST\STM32CubeIDE_1.6.1\STM32CubeIDE\plugins\com.st.stm32cube.common.mx_6.2.1.202103241236\\db\/plugins/mcufinder/images/boards/B-U585I-IOT02A_small.jpg
2026-06-06 08:55:53,361 [ERROR] DbBoards:189 - Image file not found for board NUCLEO-F413ZH: C:\ST\STM32CubeIDE_1.6.1\STM32CubeIDE\plugins\com.st.stm32cube.common.mx_6.2.1.202103241236\\db\/plugins/mcufinder/images/boards/nucleo-f413zh_small.jpg
2026-06-06 08:55:53,575 [ERROR] DbBoards:189 - Image file not found for board NUCLEO-L552ZE-Q: C:\ST\STM32CubeIDE_1.6.1\STM32CubeIDE\plugins\com.st.stm32cube.common.mx_6.2.1.202103241236\\db\/plugins/mcufinder/images/boards/nucleo_l552ze_q_small.jpg
2026-06-06 08:55:53,575 [ERROR] DbBoards:189 - Image file not found for board NUCLEO-U575ZI-Q: C:\ST\STM32CubeIDE_1.6.1\STM32CubeIDE\plugins\com.st.stm32cube.common.mx_6.2.1.202103241236\\db\/plugins/mcufinder/images/boards/nucleo-u575zi-q_small.jpg
2026-06-06 08:55:53,576 [ERROR] DbBoards:189 - Image file not found for board NUCLEO-WB15CC: C:\ST\STM32CubeIDE_1.6.1\STM32CubeIDE\plugins\com.st.stm32cube.common.mx_6.2.1.202103241236\\db\/plugins/mcufinder/images/boards/nucleo-wb15cc_small.jpg
2026-06-06 08:55:53,576 [ERROR] DbBoards:189 - Image file not found for board NUCLEO-WB55RG: C:\ST\STM32CubeIDE_1.6.1\STM32CubeIDE\plugins\com.st.stm32cube.common.mx_6.2.1.202103241236\\db\/plugins/mcufinder/images/boards/nucleo-wb55rg_small.jpg
2026-06-06 08:55:54,634 [ERROR] DbBoards:189 - Image file not found for board STM32U575I-EV: C:\ST\STM32CubeIDE_1.6.1\STM32CubeIDE\plugins\com.st.stm32cube.common.mx_6.2.1.202103241236\\db\/plugins/mcufinder/images/boards/stm32u575i-ev_small.jpg
2026-06-06 08:55:54,711 [INFO] ApiDb:251 - Load user favorites file C:\Users\Admin/.stm32cubeide/favorites.boards.txt: 0 item(s)
2026-06-06 08:55:54,711 [INFO] ApiDb:255 - User favorites Boards=[]
2026-06-06 08:55:54,711 [INFO] DbBoards:206 - Set 0 / 0 favorites Boards
2026-06-06 08:55:54,715 [INFO] DbBoardsDocs:79 - Found 418 boards documents
2026-06-06 08:55:54,716 [INFO] ApiDb:276 - Save user favorites file C:\Users\Admin/.stm32cubeide/favorites.boards.txt: 0 item(s)
2026-06-06 08:55:54,716 [INFO] ApiDb:280 - User favorites Boards=[]
2026-06-06 08:55:54,721 [INFO] DbBoardsPdsc:90 - Found 24 items
2026-06-06 08:55:54,723 [INFO] DbBoardsPdsc:90 - Found 9 items
2026-06-06 08:55:54,727 [INFO] DbBoardsPdsc:90 - Found 33 items
2026-06-06 08:55:54,729 [INFO] DbBoardsPdsc:90 - Found 1 items
2026-06-06 08:55:54,735 [INFO] DbBoardsPdsc:90 - Found 46 items
2026-06-06 08:55:54,743 [INFO] DbBoardsPdsc:90 - Found 41 items
2026-06-06 08:55:54,745 [INFO] DbBoardsPdsc:90 - Found 2 items
2026-06-06 08:55:54,746 [INFO] DbBoardsPdsc:90 - Found 5 items
2026-06-06 08:55:54,748 [WARN] DbBoardsPdsc:254 - Board NUCLEO-WB15CC: unknown feature type=, name=, username=Three user LEDs, n=1
2026-06-06 08:55:54,748 [WARN] DbBoardsPdsc:254 - Board NUCLEO-WB15CC: unknown feature type=, name=, username=One reset and three user push-buttons, n=1
2026-06-06 08:55:54,748 [WARN] DbBoardsPdsc:254 - Board NUCLEO-WB15CC: unknown feature type=, name=, username=Arduino Uno V3 expansion connector, n=1
2026-06-06 08:55:54,748 [WARN] DbBoardsPdsc:254 - Board NUCLEO-WB15CC: unknown feature type=, name=, username=ST morpho extension pin headers for full access to all STM32WB I/Os, n=1
2026-06-06 08:55:54,748 [WARN] DbBoardsPdsc:254 - Board NUCLEO-WB15CC: unknown feature type=, name=, username=Integrated PCB antenna and SMA connector footprint, n=1
2026-06-06 08:55:54,748 [WARN] DbBoardsPdsc:254 - Board NUCLEO-WB15CC: unknown feature type=, name=, username=Flexible power-supply options: ST-LINK, USB VBUS, or external sources, n=1
2026-06-06 08:55:54,749 [WARN] DbBoardsPdsc:254 - Board NUCLEO-WB15CC: unknown feature type=, name=, username=On-board footprint to mount a CR2032 battery socket, n=1
2026-06-06 08:55:54,749 [WARN] DbBoardsPdsc:254 - Board NUCLEO-WB15CC: unknown feature type=, name=, username=On-board ST-LINK/V2-1 debugger/programmer with USB re-enumeration capability: mass storage, Virtual COM port, and debug port, n=1
2026-06-06 08:55:54,749 [WARN] DbBoardsPdsc:254 - Board NUCLEO-WB15CC: unknown feature type=, name=, username=Comprehensive free software libraries and examples available with the STM32CubeWB MCU Package, n=1
2026-06-06 08:55:54,749 [WARN] DbBoardsPdsc:254 - Board NUCLEO-WB15CC: unknown feature type=, name=, username=Support of a wide choice of Integrated Development Environments (IDEs) including IAR Embedded Workbench, MDK-ARM, STM32CubeIDE, and Mbed Studio, n=1
2026-06-06 08:55:54,750 [WARN] DbBoardsPdsc:254 - Board STM32H7B3I-DK: unknown feature type=Audio, name=, username=Audio stereo codec with Headphone Amp (CS42L51-CNZ), n=1
2026-06-06 08:55:54,751 [WARN] DbBoardsPdsc:254 - Board STM32H735G-DK: unknown feature type=Audio, name=, username=Audio stereo codec with Headphone Amp (WM8994ECS/R), n=1
2026-06-06 08:55:54,751 [WARN] DbBoardsPdsc:254 - Board STM32WB5MM-DK: unknown feature type=, name=, username=Time-of-Flight and gesture-detection sensor, n=1
2026-06-06 08:55:54,751 [WARN] DbBoardsPdsc:254 - Board STM32WB5MM-DK: unknown feature type=, name=, username=3 push-buttons (2 users and 1 reset) and 1 touch key button, n=1
2026-06-06 08:55:54,751 [WARN] DbBoardsPdsc:254 - Board STM32WB5MM-DK: unknown feature type=, name=, username=Flexible power-supply options: ST-LINK/V2-1 USB connector, 5 V delivered by ARDUINO® or external connector, USB charger, or USB power, n=1
2026-06-06 08:55:54,751 [WARN] DbBoardsPdsc:254 - Board STM32WB5MM-DK: unknown feature type=, name=, username=On-board ST-LINK/V2-1 debugger/programmer with USB re-enumeration capability: Virtual COM port and debug port, n=1
2026-06-06 08:55:54,751 [WARN] DbBoardsPdsc:254 - Board STM32WB5MM-DK: unknown feature type=, name=, username=Comprehensive free software libraries and examples available with the STM32CubeWB MCU Package, n=1
2026-06-06 08:55:54,752 [WARN] DbBoardsPdsc:254 - Board STM32WB5MM-DK: unknown feature type=, name=, username=Support of a wide choice of Integrated Development Environments (IDEs) including IAR Embedded Workbench®, MDK-ARM, and STM32CubeIDE, n=1
2026-06-06 08:55:54,754 [WARN] DbBoardsPdsc:254 - Board STM32H7B3I-EVAL: unknown feature type=Audio, name=, username=Multi-Channel Audio Codec (CS42L51-CNZ), n=1
2026-06-06 08:55:54,754 [WARN] DbBoardsPdsc:254 - Board STM32H7B3I-EVAL: unknown feature type=Meter, name=, username=Power-metering and Temperature-monitoring with sigma-delta modulators, n=1
2026-06-06 08:55:54,754 [WARN] DbBoardsPdsc:254 - Board STM32H7B3I-EVAL: unknown feature type=Motor, name=, username=Motor Control, n=1
2026-06-06 08:55:54,778 [INFO] DbBoardsJson:87 - JSON generation date=Tue Nov 16 23:17:54 ICT 2021 (1637079474)
2026-06-06 08:55:54,784 [INFO] DbBoards:117 - Found 167 boards (158 are supported by CubeMX)
2026-06-06 08:55:54,785 [WARN] DbBoards:127 - board B-L475E-IOT01A2 has no document id list !
2026-06-06 08:55:54,786 [WARN] DbBoards:127 - board NUCLEO-H743ZI has no document id list !
2026-06-06 08:55:54,787 [WARN] DbBoards:127 - board NUCLEO-WL55JC2 has no document id list !
2026-06-06 08:55:54,787 [WARN] DbBoards:127 - board P-NUCLEO-WB55-Nucleo has no document id list !
2026-06-06 08:55:54,787 [WARN] DbBoards:127 - board P-NUCLEO-WB55-USBDongle has no document id list !
2026-06-06 08:55:54,787 [WARN] DbBoards:127 - board STEVAL-BFA001V1B has no document id list !
2026-06-06 08:55:54,787 [WARN] DbBoards:127 - board STEVAL-BFA001V2B has no document id list !
2026-06-06 08:55:54,787 [WARN] DbBoards:127 - board STEVAL-IDP005V1 has no document id list !
2026-06-06 08:55:54,787 [WARN] DbBoards:127 - board STEVAL-IDP005V2 has no document id list !
2026-06-06 08:55:54,787 [WARN] DbBoards:127 - board STEVAL-MKSBOX1V1 has no document id list !
2026-06-06 08:55:54,787 [WARN] DbBoards:127 - board STEVAL-STWINKT1 has no document id list !
2026-06-06 08:55:54,788 [WARN] DbBoards:127 - board STEVAL-STWINKT1B has no document id list !
2026-06-06 08:55:54,788 [WARN] DbBoards:127 - board STM32439I-EVAL2 has no document id list !
2026-06-06 08:55:54,788 [WARN] DbBoards:127 - board STM32F401C-DISCO has no document id list !
2026-06-06 08:55:54,788 [WARN] DbBoards:127 - board STM32F769I-DISC1 has no document id list !
2026-06-06 08:55:54,788 [WARN] DbBoards:127 - board STM32G474E-EVAL1 has no document id list !
2026-06-06 08:55:54,788 [WARN] DbBoards:127 - board STM32H743I-EVAL2 has no document id list !
2026-06-06 08:55:54,788 [WARN] DbBoards:127 - board STM32H747I-DISC1 has no document id list !
2026-06-06 08:55:54,788 [WARN] DbBoards:127 - board STM32H753I-EVAL2 has no document id list !
2026-06-06 08:55:54,789 [WARN] DbBoards:127 - board STM32L-DISCOVERY has no document id list !
2026-06-06 08:55:54,894 [ERROR] DbBoards:189 - Image file not found for board B-U585I-IOT02A: C:\ST\STM32CubeIDE_1.6.1\STM32CubeIDE\plugins\com.st.stm32cube.common.mx_6.2.1.202103241236\\db\/plugins/mcufinder/images/boards/B-U585I-IOT02A_small.jpg
2026-06-06 08:55:54,982 [ERROR] DbBoards:189 - Image file not found for board NUCLEO-F413ZH: C:\ST\STM32CubeIDE_1.6.1\STM32CubeIDE\plugins\com.st.stm32cube.common.mx_6.2.1.202103241236\\db\/plugins/mcufinder/images/boards/nucleo-f413zh_small.jpg
2026-06-06 08:55:55,195 [ERROR] DbBoards:189 - Image file not found for board NUCLEO-L552ZE-Q: C:\ST\STM32CubeIDE_1.6.1\STM32CubeIDE\plugins\com.st.stm32cube.common.mx_6.2.1.202103241236\\db\/plugins/mcufinder/images/boards/nucleo_l552ze_q_small.jpg
2026-06-06 08:55:55,195 [ERROR] DbBoards:189 - Image file not found for board NUCLEO-U575ZI-Q: C:\ST\STM32CubeIDE_1.6.1\STM32CubeIDE\plugins\com.st.stm32cube.common.mx_6.2.1.202103241236\\db\/plugins/mcufinder/images/boards/nucleo-u575zi-q_small.jpg
2026-06-06 08:55:55,195 [ERROR] DbBoards:189 - Image file not found for board NUCLEO-WB15CC: C:\ST\STM32CubeIDE_1.6.1\STM32CubeIDE\plugins\com.st.stm32cube.common.mx_6.2.1.202103241236\\db\/plugins/mcufinder/images/boards/nucleo-wb15cc_small.jpg
2026-06-06 08:55:55,195 [ERROR] DbBoards:189 - Image file not found for board NUCLEO-WB55RG: C:\ST\STM32CubeIDE_1.6.1\STM32CubeIDE\plugins\com.st.stm32cube.common.mx_6.2.1.202103241236\\db\/plugins/mcufinder/images/boards/nucleo-wb55rg_small.jpg
2026-06-06 08:55:55,994 [ERROR] DbBoards:189 - Image file not found for board STM32U575I-EV: C:\ST\STM32CubeIDE_1.6.1\STM32CubeIDE\plugins\com.st.stm32cube.common.mx_6.2.1.202103241236\\db\/plugins/mcufinder/images/boards/stm32u575i-ev_small.jpg
2026-06-06 08:55:56,042 [INFO] ApiDb:251 - Load user favorites file C:\Users\Admin/.stm32cubeide/favorites.boards.txt: 0 item(s)
2026-06-06 08:55:56,043 [INFO] ApiDb:255 - User favorites Boards=[]
2026-06-06 08:55:56,043 [INFO] DbBoards:206 - Set 0 / 0 favorites Boards
2026-06-06 08:55:56,274 [INFO] CrossSelectorPresenter:1330 - Cross Selector saved comparison directory: C:\Users\Admin\.stmcufinder\plugins\mcufinder\mcu\cs_comparisons_mx
2026-06-06 08:55:56,279 [INFO] MultiScanPanel:200 - Auto-refresh data requested => check proxy status ongoing
2026-06-06 08:55:56,281 [INFO] FinderPluginLoader:87 - Searching for filters in installed packs
2026-06-06 08:55:56,834 [WARN] DetailPanel:315 - Failed to get advertising image, set to default
