
AVRASM ver. 2.1.30  D:\1_Project_EMIC\7_ToolTest\Control_pump_ATmega64\List\Control_Pump.asm Fri Apr 10 16:06:13 2026

D:\1_Project_EMIC\7_ToolTest\Control_pump_ATmega64\List\Control_Pump.asm(1060): warning: Register r5 already defined by the .DEF directive
D:\1_Project_EMIC\7_ToolTest\Control_pump_ATmega64\List\Control_Pump.asm(1061): warning: Register r6 already defined by the .DEF directive
D:\1_Project_EMIC\7_ToolTest\Control_pump_ATmega64\List\Control_Pump.asm(1062): warning: Register r8 already defined by the .DEF directive
D:\1_Project_EMIC\7_ToolTest\Control_pump_ATmega64\List\Control_Pump.asm(1063): warning: Register r4 already defined by the .DEF directive
D:\1_Project_EMIC\7_ToolTest\Control_pump_ATmega64\List\Control_Pump.asm(1064): warning: Register r10 already defined by the .DEF directive
                 
                 
                 ;CodeVisionAVR C Compiler V2.05.0 Professional
                 ;(C) Copyright 1998-2010 Pavel Haiduc, HP InfoTech s.r.l.
                 ;http://www.hpinfotech.com
                 
                 ;Chip type                : ATmega64
                 ;Program type             : Application
                 ;Clock frequency          : 8.000000 MHz
                 ;Memory model             : Small
                 ;Optimize for             : Size
                 ;(s)printf features       : int, width
                 ;(s)scanf features        : int, width
                 ;External RAM size        : 0
                 ;Data Stack size          : 1024 byte(s)
                 ;Heap size                : 0 byte(s)
                 ;Promote 'char' to 'int'  : Yes
                 ;'char' is unsigned       : Yes
                 ;8 bit enums              : Yes
                 ;global 'const' stored in FLASH: No
                 ;Enhanced core instructions    : On
                 ;Smart register allocation     : On
                 ;Automatic register allocation : On
                 
                 	#pragma AVRPART ADMIN PART_NAME ATmega64
                 	#pragma AVRPART MEMORY PROG_FLASH 65536
                 	#pragma AVRPART MEMORY EEPROM 2048
                 	#pragma AVRPART MEMORY INT_SRAM SIZE 4351
                 	#pragma AVRPART MEMORY INT_SRAM START_ADDR 0x100
                 
                 	#define CALL_SUPPORTED 1
                 
                 	.LISTMAC
                 	.EQU UDRE=0x5
                 	.EQU RXC=0x7
                 	.EQU USR=0xB
                 	.EQU UDR=0xC
                 	.EQU SPSR=0xE
                 	.EQU SPDR=0xF
                 	.EQU EERE=0x0
                 	.EQU EEWE=0x1
                 	.EQU EEMWE=0x2
                 	.EQU EECR=0x1C
                 	.EQU EEDR=0x1D
                 	.EQU EEARL=0x1E
                 	.EQU EEARH=0x1F
                 	.EQU WDTCR=0x21
                 	.EQU MCUCR=0x35
                 	.EQU SPL=0x3D
                 	.EQU SPH=0x3E
                 	.EQU SREG=0x3F
                 	.EQU XMCRA=0x6D
                 	.EQU XMCRB=0x6C
                 
                 	.DEF R0X0=R0
                 	.DEF R0X1=R1
                 	.DEF R0X2=R2
                 	.DEF R0X3=R3
                 	.DEF R0X4=R4
                 	.DEF R0X5=R5
                 	.DEF R0X6=R6
                 	.DEF R0X7=R7
                 	.DEF R0X8=R8
                 	.DEF R0X9=R9
                 	.DEF R0XA=R10
                 	.DEF R0XB=R11
                 	.DEF R0XC=R12
                 	.DEF R0XD=R13
                 	.DEF R0XE=R14
                 	.DEF R0XF=R15
                 	.DEF R0X10=R16
                 	.DEF R0X11=R17
                 	.DEF R0X12=R18
                 	.DEF R0X13=R19
                 	.DEF R0X14=R20
                 	.DEF R0X15=R21
                 	.DEF R0X16=R22
                 	.DEF R0X17=R23
                 	.DEF R0X18=R24
                 	.DEF R0X19=R25
                 	.DEF R0X1A=R26
                 	.DEF R0X1B=R27
                 	.DEF R0X1C=R28
                 	.DEF R0X1D=R29
                 	.DEF R0X1E=R30
                 	.DEF R0X1F=R31
                 
                 	.EQU __SRAM_START=0x0100
                 	.EQU __SRAM_END=0x10FF
                 	.EQU __DSTACK_SIZE=0x0400
                 	.EQU __HEAP_SIZE=0x0000
                 	.EQU __CLEAR_SRAM_SIZE=__SRAM_END-__SRAM_START+1
                 
                 	.MACRO __CPD1N
                 	CPI  R30,LOW(@0)
                 	LDI  R26,HIGH(@0)
                 	CPC  R31,R26
                 	LDI  R26,BYTE3(@0)
                 	CPC  R22,R26
                 	LDI  R26,BYTE4(@0)
                 	CPC  R23,R26
                 	.ENDM
                 
                 	.MACRO __CPD2N
                 	CPI  R26,LOW(@0)
                 	LDI  R30,HIGH(@0)
                 	CPC  R27,R30
                 	LDI  R30,BYTE3(@0)
                 	CPC  R24,R30
                 	LDI  R30,BYTE4(@0)
                 	CPC  R25,R30
                 	.ENDM
                 
                 	.MACRO __CPWRR
                 	CP   R@0,R@2
                 	CPC  R@1,R@3
                 	.ENDM
                 
                 	.MACRO __CPWRN
                 	CPI  R@0,LOW(@2)
                 	LDI  R30,HIGH(@2)
                 	CPC  R@1,R30
                 	.ENDM
                 
                 	.MACRO __ADDB1MN
                 	SUBI R30,LOW(-@0-(@1))
                 	.ENDM
                 
                 	.MACRO __ADDB2MN
                 	SUBI R26,LOW(-@0-(@1))
                 	.ENDM
                 
                 	.MACRO __ADDW1MN
                 	SUBI R30,LOW(-@0-(@1))
                 	SBCI R31,HIGH(-@0-(@1))
                 	.ENDM
                 
                 	.MACRO __ADDW2MN
                 	SUBI R26,LOW(-@0-(@1))
                 	SBCI R27,HIGH(-@0-(@1))
                 	.ENDM
                 
                 	.MACRO __ADDW1FN
                 	SUBI R30,LOW(-2*@0-(@1))
                 	SBCI R31,HIGH(-2*@0-(@1))
                 	.ENDM
                 
                 	.MACRO __ADDD1FN
                 	SUBI R30,LOW(-2*@0-(@1))
                 	SBCI R31,HIGH(-2*@0-(@1))
                 	SBCI R22,BYTE3(-2*@0-(@1))
                 	.ENDM
                 
                 	.MACRO __ADDD1N
                 	SUBI R30,LOW(-@0)
                 	SBCI R31,HIGH(-@0)
                 	SBCI R22,BYTE3(-@0)
                 	SBCI R23,BYTE4(-@0)
                 	.ENDM
                 
                 	.MACRO __ADDD2N
                 	SUBI R26,LOW(-@0)
                 	SBCI R27,HIGH(-@0)
                 	SBCI R24,BYTE3(-@0)
                 	SBCI R25,BYTE4(-@0)
                 	.ENDM
                 
                 	.MACRO __SUBD1N
                 	SUBI R30,LOW(@0)
                 	SBCI R31,HIGH(@0)
                 	SBCI R22,BYTE3(@0)
                 	SBCI R23,BYTE4(@0)
                 	.ENDM
                 
                 	.MACRO __SUBD2N
                 	SUBI R26,LOW(@0)
                 	SBCI R27,HIGH(@0)
                 	SBCI R24,BYTE3(@0)
                 	SBCI R25,BYTE4(@0)
                 	.ENDM
                 
                 	.MACRO __ANDBMNN
                 	LDS  R30,@0+(@1)
                 	ANDI R30,LOW(@2)
                 	STS  @0+(@1),R30
                 	.ENDM
                 
                 	.MACRO __ANDWMNN
                 	LDS  R30,@0+(@1)
                 	ANDI R30,LOW(@2)
                 	STS  @0+(@1),R30
                 	LDS  R30,@0+(@1)+1
                 	ANDI R30,HIGH(@2)
                 	STS  @0+(@1)+1,R30
                 	.ENDM
                 
                 	.MACRO __ANDD1N
                 	ANDI R30,LOW(@0)
                 	ANDI R31,HIGH(@0)
                 	ANDI R22,BYTE3(@0)
                 	ANDI R23,BYTE4(@0)
                 	.ENDM
                 
                 	.MACRO __ANDD2N
                 	ANDI R26,LOW(@0)
                 	ANDI R27,HIGH(@0)
                 	ANDI R24,BYTE3(@0)
                 	ANDI R25,BYTE4(@0)
                 	.ENDM
                 
                 	.MACRO __ORBMNN
                 	LDS  R30,@0+(@1)
                 	ORI  R30,LOW(@2)
                 	STS  @0+(@1),R30
                 	.ENDM
                 
                 	.MACRO __ORWMNN
                 	LDS  R30,@0+(@1)
                 	ORI  R30,LOW(@2)
                 	STS  @0+(@1),R30
                 	LDS  R30,@0+(@1)+1
                 	ORI  R30,HIGH(@2)
                 	STS  @0+(@1)+1,R30
                 	.ENDM
                 
                 	.MACRO __ORD1N
                 	ORI  R30,LOW(@0)
                 	ORI  R31,HIGH(@0)
                 	ORI  R22,BYTE3(@0)
                 	ORI  R23,BYTE4(@0)
                 	.ENDM
                 
                 	.MACRO __ORD2N
                 	ORI  R26,LOW(@0)
                 	ORI  R27,HIGH(@0)
                 	ORI  R24,BYTE3(@0)
                 	ORI  R25,BYTE4(@0)
                 	.ENDM
                 
                 	.MACRO __DELAY_USB
                 	LDI  R24,LOW(@0)
                 __DELAY_USB_LOOP:
                 	DEC  R24
                 	BRNE __DELAY_USB_LOOP
                 	.ENDM
                 
                 	.MACRO __DELAY_USW
                 	LDI  R24,LOW(@0)
                 	LDI  R25,HIGH(@0)
                 __DELAY_USW_LOOP:
                 	SBIW R24,1
                 	BRNE __DELAY_USW_LOOP
                 	.ENDM
                 
                 	.MACRO __GETD1S
                 	LDD  R30,Y+@0
                 	LDD  R31,Y+@0+1
                 	LDD  R22,Y+@0+2
                 	LDD  R23,Y+@0+3
                 	.ENDM
                 
                 	.MACRO __GETD2S
                 	LDD  R26,Y+@0
                 	LDD  R27,Y+@0+1
                 	LDD  R24,Y+@0+2
                 	LDD  R25,Y+@0+3
                 	.ENDM
                 
                 	.MACRO __PUTD1S
                 	STD  Y+@0,R30
                 	STD  Y+@0+1,R31
                 	STD  Y+@0+2,R22
                 	STD  Y+@0+3,R23
                 	.ENDM
                 
                 	.MACRO __PUTD2S
                 	STD  Y+@0,R26
                 	STD  Y+@0+1,R27
                 	STD  Y+@0+2,R24
                 	STD  Y+@0+3,R25
                 	.ENDM
                 
                 	.MACRO __PUTDZ2
                 	STD  Z+@0,R26
                 	STD  Z+@0+1,R27
                 	STD  Z+@0+2,R24
                 	STD  Z+@0+3,R25
                 	.ENDM
                 
                 	.MACRO __CLRD1S
                 	STD  Y+@0,R30
                 	STD  Y+@0+1,R30
                 	STD  Y+@0+2,R30
                 	STD  Y+@0+3,R30
                 	.ENDM
                 
                 	.MACRO __POINTB1MN
                 	LDI  R30,LOW(@0+(@1))
                 	.ENDM
                 
                 	.MACRO __POINTW1MN
                 	LDI  R30,LOW(@0+(@1))
                 	LDI  R31,HIGH(@0+(@1))
                 	.ENDM
                 
                 	.MACRO __POINTD1M
                 	LDI  R30,LOW(@0)
                 	LDI  R31,HIGH(@0)
                 	LDI  R22,BYTE3(@0)
                 	LDI  R23,BYTE4(@0)
                 	.ENDM
                 
                 	.MACRO __POINTW1FN
                 	LDI  R30,LOW(2*@0+(@1))
                 	LDI  R31,HIGH(2*@0+(@1))
                 	.ENDM
                 
                 	.MACRO __POINTD1FN
                 	LDI  R30,LOW(2*@0+(@1))
                 	LDI  R31,HIGH(2*@0+(@1))
                 	LDI  R22,BYTE3(2*@0+(@1))
                 	LDI  R23,BYTE4(2*@0+(@1))
                 	.ENDM
                 
                 	.MACRO __POINTB2MN
                 	LDI  R26,LOW(@0+(@1))
                 	.ENDM
                 
                 	.MACRO __POINTW2MN
                 	LDI  R26,LOW(@0+(@1))
                 	LDI  R27,HIGH(@0+(@1))
                 	.ENDM
                 
                 	.MACRO __POINTBRM
                 	LDI  R@0,LOW(@1)
                 	.ENDM
                 
                 	.MACRO __POINTWRM
                 	LDI  R@0,LOW(@2)
                 	LDI  R@1,HIGH(@2)
                 	.ENDM
                 
                 	.MACRO __POINTBRMN
                 	LDI  R@0,LOW(@1+(@2))
                 	.ENDM
                 
                 	.MACRO __POINTWRMN
                 	LDI  R@0,LOW(@2+(@3))
                 	LDI  R@1,HIGH(@2+(@3))
                 	.ENDM
                 
                 	.MACRO __POINTWRFN
                 	LDI  R@0,LOW(@2*2+(@3))
                 	LDI  R@1,HIGH(@2*2+(@3))
                 	.ENDM
                 
                 	.MACRO __GETD1N
                 	LDI  R30,LOW(@0)
                 	LDI  R31,HIGH(@0)
                 	LDI  R22,BYTE3(@0)
                 	LDI  R23,BYTE4(@0)
                 	.ENDM
                 
                 	.MACRO __GETD2N
                 	LDI  R26,LOW(@0)
                 	LDI  R27,HIGH(@0)
                 	LDI  R24,BYTE3(@0)
                 	LDI  R25,BYTE4(@0)
                 	.ENDM
                 
                 	.MACRO __GETB1MN
                 	LDS  R30,@0+(@1)
                 	.ENDM
                 
                 	.MACRO __GETB1HMN
                 	LDS  R31,@0+(@1)
                 	.ENDM
                 
                 	.MACRO __GETW1MN
                 	LDS  R30,@0+(@1)
                 	LDS  R31,@0+(@1)+1
                 	.ENDM
                 
                 	.MACRO __GETD1MN
                 	LDS  R30,@0+(@1)
                 	LDS  R31,@0+(@1)+1
                 	LDS  R22,@0+(@1)+2
                 	LDS  R23,@0+(@1)+3
                 	.ENDM
                 
                 	.MACRO __GETBRMN
                 	LDS  R@0,@1+(@2)
                 	.ENDM
                 
                 	.MACRO __GETWRMN
                 	LDS  R@0,@2+(@3)
                 	LDS  R@1,@2+(@3)+1
                 	.ENDM
                 
                 	.MACRO __GETWRZ
                 	LDD  R@0,Z+@2
                 	LDD  R@1,Z+@2+1
                 	.ENDM
                 
                 	.MACRO __GETD2Z
                 	LDD  R26,Z+@0
                 	LDD  R27,Z+@0+1
                 	LDD  R24,Z+@0+2
                 	LDD  R25,Z+@0+3
                 	.ENDM
                 
                 	.MACRO __GETB2MN
                 	LDS  R26,@0+(@1)
                 	.ENDM
                 
                 	.MACRO __GETW2MN
                 	LDS  R26,@0+(@1)
                 	LDS  R27,@0+(@1)+1
                 	.ENDM
                 
                 	.MACRO __GETD2MN
                 	LDS  R26,@0+(@1)
                 	LDS  R27,@0+(@1)+1
                 	LDS  R24,@0+(@1)+2
                 	LDS  R25,@0+(@1)+3
                 	.ENDM
                 
                 	.MACRO __PUTB1MN
                 	STS  @0+(@1),R30
                 	.ENDM
                 
                 	.MACRO __PUTW1MN
                 	STS  @0+(@1),R30
                 	STS  @0+(@1)+1,R31
                 	.ENDM
                 
                 	.MACRO __PUTD1MN
                 	STS  @0+(@1),R30
                 	STS  @0+(@1)+1,R31
                 	STS  @0+(@1)+2,R22
                 	STS  @0+(@1)+3,R23
                 	.ENDM
                 
                 	.MACRO __PUTB1EN
                 	LDI  R26,LOW(@0+(@1))
                 	LDI  R27,HIGH(@0+(@1))
                 	CALL __EEPROMWRB
                 	.ENDM
                 
                 	.MACRO __PUTW1EN
                 	LDI  R26,LOW(@0+(@1))
                 	LDI  R27,HIGH(@0+(@1))
                 	CALL __EEPROMWRW
                 	.ENDM
                 
                 	.MACRO __PUTD1EN
                 	LDI  R26,LOW(@0+(@1))
                 	LDI  R27,HIGH(@0+(@1))
                 	CALL __EEPROMWRD
                 	.ENDM
                 
                 	.MACRO __PUTBR0MN
                 	STS  @0+(@1),R0
                 	.ENDM
                 
                 	.MACRO __PUTBMRN
                 	STS  @0+(@1),R@2
                 	.ENDM
                 
                 	.MACRO __PUTWMRN
                 	STS  @0+(@1),R@2
                 	STS  @0+(@1)+1,R@3
                 	.ENDM
                 
                 	.MACRO __PUTBZR
                 	STD  Z+@1,R@0
                 	.ENDM
                 
                 	.MACRO __PUTWZR
                 	STD  Z+@2,R@0
                 	STD  Z+@2+1,R@1
                 	.ENDM
                 
                 	.MACRO __GETW1R
                 	MOV  R30,R@0
                 	MOV  R31,R@1
                 	.ENDM
                 
                 	.MACRO __GETW2R
                 	MOV  R26,R@0
                 	MOV  R27,R@1
                 	.ENDM
                 
                 	.MACRO __GETWRN
                 	LDI  R@0,LOW(@2)
                 	LDI  R@1,HIGH(@2)
                 	.ENDM
                 
                 	.MACRO __PUTW1R
                 	MOV  R@0,R30
                 	MOV  R@1,R31
                 	.ENDM
                 
                 	.MACRO __PUTW2R
                 	MOV  R@0,R26
                 	MOV  R@1,R27
                 	.ENDM
                 
                 	.MACRO __ADDWRN
                 	SUBI R@0,LOW(-@2)
                 	SBCI R@1,HIGH(-@2)
                 	.ENDM
                 
                 	.MACRO __ADDWRR
                 	ADD  R@0,R@2
                 	ADC  R@1,R@3
                 	.ENDM
                 
                 	.MACRO __SUBWRN
                 	SUBI R@0,LOW(@2)
                 	SBCI R@1,HIGH(@2)
                 	.ENDM
                 
                 	.MACRO __SUBWRR
                 	SUB  R@0,R@2
                 	SBC  R@1,R@3
                 	.ENDM
                 
                 	.MACRO __ANDWRN
                 	ANDI R@0,LOW(@2)
                 	ANDI R@1,HIGH(@2)
                 	.ENDM
                 
                 	.MACRO __ANDWRR
                 	AND  R@0,R@2
                 	AND  R@1,R@3
                 	.ENDM
                 
                 	.MACRO __ORWRN
                 	ORI  R@0,LOW(@2)
                 	ORI  R@1,HIGH(@2)
                 	.ENDM
                 
                 	.MACRO __ORWRR
                 	OR   R@0,R@2
                 	OR   R@1,R@3
                 	.ENDM
                 
                 	.MACRO __EORWRR
                 	EOR  R@0,R@2
                 	EOR  R@1,R@3
                 	.ENDM
                 
                 	.MACRO __GETWRS
                 	LDD  R@0,Y+@2
                 	LDD  R@1,Y+@2+1
                 	.ENDM
                 
                 	.MACRO __PUTBSR
                 	STD  Y+@1,R@0
                 	.ENDM
                 
                 	.MACRO __PUTWSR
                 	STD  Y+@2,R@0
                 	STD  Y+@2+1,R@1
                 	.ENDM
                 
                 	.MACRO __MOVEWRR
                 	MOV  R@0,R@2
                 	MOV  R@1,R@3
                 	.ENDM
                 
                 	.MACRO __INWR
                 	IN   R@0,@2
                 	IN   R@1,@2+1
                 	.ENDM
                 
                 	.MACRO __OUTWR
                 	OUT  @2+1,R@1
                 	OUT  @2,R@0
                 	.ENDM
                 
                 	.MACRO __CALL1MN
                 	LDS  R30,@0+(@1)
                 	LDS  R31,@0+(@1)+1
                 	ICALL
                 	.ENDM
                 
                 	.MACRO __CALL1FN
                 	LDI  R30,LOW(2*@0+(@1))
                 	LDI  R31,HIGH(2*@0+(@1))
                 	CALL __GETW1PF
                 	ICALL
                 	.ENDM
                 
                 	.MACRO __CALL2EN
                 	LDI  R26,LOW(@0+(@1))
                 	LDI  R27,HIGH(@0+(@1))
                 	CALL __EEPROMRDW
                 	ICALL
                 	.ENDM
                 
                 	.MACRO __GETW1STACK
                 	IN   R26,SPL
                 	IN   R27,SPH
                 	ADIW R26,@0+1
                 	LD   R30,X+
                 	LD   R31,X
                 	.ENDM
                 
                 	.MACRO __GETD1STACK
                 	IN   R26,SPL
                 	IN   R27,SPH
                 	ADIW R26,@0+1
                 	LD   R30,X+
                 	LD   R31,X+
                 	LD   R22,X
                 	.ENDM
                 
                 	.MACRO __NBST
                 	BST  R@0,@1
                 	IN   R30,SREG
                 	LDI  R31,0x40
                 	EOR  R30,R31
                 	OUT  SREG,R30
                 	.ENDM
                 
                 
                 	.MACRO __PUTB1SN
                 	LDD  R26,Y+@0
                 	LDD  R27,Y+@0+1
                 	SUBI R26,LOW(-@1)
                 	SBCI R27,HIGH(-@1)
                 	ST   X,R30
                 	.ENDM
                 
                 	.MACRO __PUTW1SN
                 	LDD  R26,Y+@0
                 	LDD  R27,Y+@0+1
                 	SUBI R26,LOW(-@1)
                 	SBCI R27,HIGH(-@1)
                 	ST   X+,R30
                 	ST   X,R31
                 	.ENDM
                 
                 	.MACRO __PUTD1SN
                 	LDD  R26,Y+@0
                 	LDD  R27,Y+@0+1
                 	SUBI R26,LOW(-@1)
                 	SBCI R27,HIGH(-@1)
                 	CALL __PUTDP1
                 	.ENDM
                 
                 	.MACRO __PUTB1SNS
                 	LDD  R26,Y+@0
                 	LDD  R27,Y+@0+1
                 	ADIW R26,@1
                 	ST   X,R30
                 	.ENDM
                 
                 	.MACRO __PUTW1SNS
                 	LDD  R26,Y+@0
                 	LDD  R27,Y+@0+1
                 	ADIW R26,@1
                 	ST   X+,R30
                 	ST   X,R31
                 	.ENDM
                 
                 	.MACRO __PUTD1SNS
                 	LDD  R26,Y+@0
                 	LDD  R27,Y+@0+1
                 	ADIW R26,@1
                 	CALL __PUTDP1
                 	.ENDM
                 
                 	.MACRO __PUTB1PMN
                 	LDS  R26,@0
                 	LDS  R27,@0+1
                 	SUBI R26,LOW(-@1)
                 	SBCI R27,HIGH(-@1)
                 	ST   X,R30
                 	.ENDM
                 
                 	.MACRO __PUTW1PMN
                 	LDS  R26,@0
                 	LDS  R27,@0+1
                 	SUBI R26,LOW(-@1)
                 	SBCI R27,HIGH(-@1)
                 	ST   X+,R30
                 	ST   X,R31
                 	.ENDM
                 
                 	.MACRO __PUTD1PMN
                 	LDS  R26,@0
                 	LDS  R27,@0+1
                 	SUBI R26,LOW(-@1)
                 	SBCI R27,HIGH(-@1)
                 	CALL __PUTDP1
                 	.ENDM
                 
                 	.MACRO __PUTB1PMNS
                 	LDS  R26,@0
                 	LDS  R27,@0+1
                 	ADIW R26,@1
                 	ST   X,R30
                 	.ENDM
                 
                 	.MACRO __PUTW1PMNS
                 	LDS  R26,@0
                 	LDS  R27,@0+1
                 	ADIW R26,@1
                 	ST   X+,R30
                 	ST   X,R31
                 	.ENDM
                 
                 	.MACRO __PUTD1PMNS
                 	LDS  R26,@0
                 	LDS  R27,@0+1
                 	ADIW R26,@1
                 	CALL __PUTDP1
                 	.ENDM
                 
                 	.MACRO __PUTB1RN
                 	MOVW R26,R@0
                 	SUBI R26,LOW(-@1)
                 	SBCI R27,HIGH(-@1)
                 	ST   X,R30
                 	.ENDM
                 
                 	.MACRO __PUTW1RN
                 	MOVW R26,R@0
                 	SUBI R26,LOW(-@1)
                 	SBCI R27,HIGH(-@1)
                 	ST   X+,R30
                 	ST   X,R31
                 	.ENDM
                 
                 	.MACRO __PUTD1RN
                 	MOVW R26,R@0
                 	SUBI R26,LOW(-@1)
                 	SBCI R27,HIGH(-@1)
                 	CALL __PUTDP1
                 	.ENDM
                 
                 	.MACRO __PUTB1RNS
                 	MOVW R26,R@0
                 	ADIW R26,@1
                 	ST   X,R30
                 	.ENDM
                 
                 	.MACRO __PUTW1RNS
                 	MOVW R26,R@0
                 	ADIW R26,@1
                 	ST   X+,R30
                 	ST   X,R31
                 	.ENDM
                 
                 	.MACRO __PUTD1RNS
                 	MOVW R26,R@0
                 	ADIW R26,@1
                 	CALL __PUTDP1
                 	.ENDM
                 
                 	.MACRO __PUTB1RON
                 	MOV  R26,R@0
                 	MOV  R27,R@1
                 	SUBI R26,LOW(-@2)
                 	SBCI R27,HIGH(-@2)
                 	ST   X,R30
                 	.ENDM
                 
                 	.MACRO __PUTW1RON
                 	MOV  R26,R@0
                 	MOV  R27,R@1
                 	SUBI R26,LOW(-@2)
                 	SBCI R27,HIGH(-@2)
                 	ST   X+,R30
                 	ST   X,R31
                 	.ENDM
                 
                 	.MACRO __PUTD1RON
                 	MOV  R26,R@0
                 	MOV  R27,R@1
                 	SUBI R26,LOW(-@2)
                 	SBCI R27,HIGH(-@2)
                 	CALL __PUTDP1
                 	.ENDM
                 
                 	.MACRO __PUTB1RONS
                 	MOV  R26,R@0
                 	MOV  R27,R@1
                 	ADIW R26,@2
                 	ST   X,R30
                 	.ENDM
                 
                 	.MACRO __PUTW1RONS
                 	MOV  R26,R@0
                 	MOV  R27,R@1
                 	ADIW R26,@2
                 	ST   X+,R30
                 	ST   X,R31
                 	.ENDM
                 
                 	.MACRO __PUTD1RONS
                 	MOV  R26,R@0
                 	MOV  R27,R@1
                 	ADIW R26,@2
                 	CALL __PUTDP1
                 	.ENDM
                 
                 
                 	.MACRO __GETB1SX
                 	MOVW R30,R28
                 	SUBI R30,LOW(-@0)
                 	SBCI R31,HIGH(-@0)
                 	LD   R30,Z
                 	.ENDM
                 
                 	.MACRO __GETB1HSX
                 	MOVW R30,R28
                 	SUBI R30,LOW(-@0)
                 	SBCI R31,HIGH(-@0)
                 	LD   R31,Z
                 	.ENDM
                 
                 	.MACRO __GETW1SX
                 	MOVW R30,R28
                 	SUBI R30,LOW(-@0)
                 	SBCI R31,HIGH(-@0)
                 	LD   R0,Z+
                 	LD   R31,Z
                 	MOV  R30,R0
                 	.ENDM
                 
                 	.MACRO __GETD1SX
                 	MOVW R30,R28
                 	SUBI R30,LOW(-@0)
                 	SBCI R31,HIGH(-@0)
                 	LD   R0,Z+
                 	LD   R1,Z+
                 	LD   R22,Z+
                 	LD   R23,Z
                 	MOVW R30,R0
                 	.ENDM
                 
                 	.MACRO __GETB2SX
                 	MOVW R26,R28
                 	SUBI R26,LOW(-@0)
                 	SBCI R27,HIGH(-@0)
                 	LD   R26,X
                 	.ENDM
                 
                 	.MACRO __GETW2SX
                 	MOVW R26,R28
                 	SUBI R26,LOW(-@0)
                 	SBCI R27,HIGH(-@0)
                 	LD   R0,X+
                 	LD   R27,X
                 	MOV  R26,R0
                 	.ENDM
                 
                 	.MACRO __GETD2SX
                 	MOVW R26,R28
                 	SUBI R26,LOW(-@0)
                 	SBCI R27,HIGH(-@0)
                 	LD   R0,X+
                 	LD   R1,X+
                 	LD   R24,X+
                 	LD   R25,X
                 	MOVW R26,R0
                 	.ENDM
                 
                 	.MACRO __GETBRSX
                 	MOVW R30,R28
                 	SUBI R30,LOW(-@1)
                 	SBCI R31,HIGH(-@1)
                 	LD   R@0,Z
                 	.ENDM
                 
                 	.MACRO __GETWRSX
                 	MOVW R30,R28
                 	SUBI R30,LOW(-@2)
                 	SBCI R31,HIGH(-@2)
                 	LD   R@0,Z+
                 	LD   R@1,Z
                 	.ENDM
                 
                 	.MACRO __GETBRSX2
                 	MOVW R26,R28
                 	SUBI R26,LOW(-@1)
                 	SBCI R27,HIGH(-@1)
                 	LD   R@0,X
                 	.ENDM
                 
                 	.MACRO __GETWRSX2
                 	MOVW R26,R28
                 	SUBI R26,LOW(-@2)
                 	SBCI R27,HIGH(-@2)
                 	LD   R@0,X+
                 	LD   R@1,X
                 	.ENDM
                 
                 	.MACRO __LSLW8SX
                 	MOVW R30,R28
                 	SUBI R30,LOW(-@0)
                 	SBCI R31,HIGH(-@0)
                 	LD   R31,Z
                 	CLR  R30
                 	.ENDM
                 
                 	.MACRO __PUTB1SX
                 	MOVW R26,R28
                 	SUBI R26,LOW(-@0)
                 	SBCI R27,HIGH(-@0)
                 	ST   X,R30
                 	.ENDM
                 
                 	.MACRO __PUTW1SX
                 	MOVW R26,R28
                 	SUBI R26,LOW(-@0)
                 	SBCI R27,HIGH(-@0)
                 	ST   X+,R30
                 	ST   X,R31
                 	.ENDM
                 
                 	.MACRO __PUTD1SX
                 	MOVW R26,R28
                 	SUBI R26,LOW(-@0)
                 	SBCI R27,HIGH(-@0)
                 	ST   X+,R30
                 	ST   X+,R31
                 	ST   X+,R22
                 	ST   X,R23
                 	.ENDM
                 
                 	.MACRO __CLRW1SX
                 	MOVW R26,R28
                 	SUBI R26,LOW(-@0)
                 	SBCI R27,HIGH(-@0)
                 	ST   X+,R30
                 	ST   X,R30
                 	.ENDM
                 
                 	.MACRO __CLRD1SX
                 	MOVW R26,R28
                 	SUBI R26,LOW(-@0)
                 	SBCI R27,HIGH(-@0)
                 	ST   X+,R30
                 	ST   X+,R30
                 	ST   X+,R30
                 	ST   X,R30
                 	.ENDM
                 
                 	.MACRO __PUTB2SX
                 	MOVW R30,R28
                 	SUBI R30,LOW(-@0)
                 	SBCI R31,HIGH(-@0)
                 	ST   Z,R26
                 	.ENDM
                 
                 	.MACRO __PUTW2SX
                 	MOVW R30,R28
                 	SUBI R30,LOW(-@0)
                 	SBCI R31,HIGH(-@0)
                 	ST   Z+,R26
                 	ST   Z,R27
                 	.ENDM
                 
                 	.MACRO __PUTD2SX
                 	MOVW R30,R28
                 	SUBI R30,LOW(-@0)
                 	SBCI R31,HIGH(-@0)
                 	ST   Z+,R26
                 	ST   Z+,R27
                 	ST   Z+,R24
                 	ST   Z,R25
                 	.ENDM
                 
                 	.MACRO __PUTBSRX
                 	MOVW R30,R28
                 	SUBI R30,LOW(-@1)
                 	SBCI R31,HIGH(-@1)
                 	ST   Z,R@0
                 	.ENDM
                 
                 	.MACRO __PUTWSRX
                 	MOVW R30,R28
                 	SUBI R30,LOW(-@2)
                 	SBCI R31,HIGH(-@2)
                 	ST   Z+,R@0
                 	ST   Z,R@1
                 	.ENDM
                 
                 	.MACRO __PUTB1SNX
                 	MOVW R26,R28
                 	SUBI R26,LOW(-@0)
                 	SBCI R27,HIGH(-@0)
                 	LD   R0,X+
                 	LD   R27,X
                 	MOV  R26,R0
                 	SUBI R26,LOW(-@1)
                 	SBCI R27,HIGH(-@1)
                 	ST   X,R30
                 	.ENDM
                 
                 	.MACRO __PUTW1SNX
                 	MOVW R26,R28
                 	SUBI R26,LOW(-@0)
                 	SBCI R27,HIGH(-@0)
                 	LD   R0,X+
                 	LD   R27,X
                 	MOV  R26,R0
                 	SUBI R26,LOW(-@1)
                 	SBCI R27,HIGH(-@1)
                 	ST   X+,R30
                 	ST   X,R31
                 	.ENDM
                 
                 	.MACRO __PUTD1SNX
                 	MOVW R26,R28
                 	SUBI R26,LOW(-@0)
                 	SBCI R27,HIGH(-@0)
                 	LD   R0,X+
                 	LD   R27,X
                 	MOV  R26,R0
                 	SUBI R26,LOW(-@1)
                 	SBCI R27,HIGH(-@1)
                 	ST   X+,R30
                 	ST   X+,R31
                 	ST   X+,R22
                 	ST   X,R23
                 	.ENDM
                 
                 	.MACRO __MULBRR
                 	MULS R@0,R@1
                 	MOVW R30,R0
                 	.ENDM
                 
                 	.MACRO __MULBRRU
                 	MUL  R@0,R@1
                 	MOVW R30,R0
                 	.ENDM
                 
                 	.MACRO __MULBRR0
                 	MULS R@0,R@1
                 	.ENDM
                 
                 	.MACRO __MULBRRU0
                 	MUL  R@0,R@1
                 	.ENDM
                 
                 	.MACRO __MULBNWRU
                 	LDI  R26,@2
                 	MUL  R26,R@0
                 	MOVW R30,R0
                 	MUL  R26,R@1
                 	ADD  R31,R0
                 	.ENDM
                 
                 ;NAME DEFINITIONS FOR GLOBAL VARIABLES ALLOCATED TO REGISTERS
                 	.DEF _State=R5
                 	.DEF _iCounter=R6
                 	.DEF _iTimeout=R8
                 	.DEF _rando=R4
                 	.DEF _iCounterRun=R10
                 
                 	.CSEG
                 	.ORG 0x00
                 
                 ;START OF CODE MARKER
                 __START_OF_CODE:
                 
                 ;INTERRUPT VECTORS
000000 940c 00a2 	JMP  __RESET
000002 940c 0191 	JMP  _ext_int0_isr
000004 940c 0000 	JMP  0x00
000006 940c 0000 	JMP  0x00
000008 940c 0000 	JMP  0x00
00000a 940c 0000 	JMP  0x00
00000c 940c 0000 	JMP  0x00
00000e 940c 0000 	JMP  0x00
000010 940c 0000 	JMP  0x00
000012 940c 0000 	JMP  0x00
000014 940c 0000 	JMP  0x00
000016 940c 0000 	JMP  0x00
000018 940c 0000 	JMP  0x00
00001a 940c 0000 	JMP  0x00
00001c 940c 0000 	JMP  0x00
00001e 940c 0000 	JMP  0x00
000020 940c 012a 	JMP  _timer0_ovf
000022 940c 0000 	JMP  0x00
000024 940c 018f 	JMP  _usart0_rx_isr
000026 940c 0000 	JMP  0x00
000028 940c 0000 	JMP  0x00
00002a 940c 0000 	JMP  0x00
00002c 940c 0000 	JMP  0x00
00002e 940c 0000 	JMP  0x00
000030 940c 0000 	JMP  0x00
000032 940c 0000 	JMP  0x00
000034 940c 0000 	JMP  0x00
000036 940c 0000 	JMP  0x00
000038 940c 0000 	JMP  0x00
00003a 940c 0000 	JMP  0x00
00003c 940c 0190 	JMP  _usart1_rx_isr
00003e 940c 0000 	JMP  0x00
000040 940c 0000 	JMP  0x00
000042 940c 0000 	JMP  0x00
000044 940c 0000 	JMP  0x00
                 
                 _tbl10_G100:
000046 2710
000047 03e8
000048 0064
000049 000a      	.DB  0x10,0x27,0xE8,0x3,0x64,0x0,0xA,0x0
00004a 0001      	.DB  0x1,0x0
                 _tbl16_G100:
00004b 1000
00004c 0100
00004d 0010
00004e 0001      	.DB  0x0,0x10,0x0,0x1,0x10,0x0,0x1,0x0
                 
                 _0x3:
00004f 5678
000050 1234      	.DB  0x78,0x56,0x34,0x12
                 _0x29:
D:\1_Project_EMIC\7_ToolTest\Control_pump_ATmega64\List\Control_Pump.asm(1118): warning: .cseg .db misalignment - padding zero byte
000051 0000      	.DB  0x0
                 _0x0:
000052 754f
000053 7074
000054 7475
000055 6143      	.DB  0x4F,0x75,0x74,0x70,0x75,0x74,0x43,0x61
000056 546c
000057 6d69
000058 0a65
000059 4f00      	.DB  0x6C,0x54,0x69,0x6D,0x65,0xA,0x0,0x4F
00005a 7475
00005b 7570
00005c 3d74
00005d 6425      	.DB  0x75,0x74,0x70,0x75,0x74,0x3D,0x25,0x64
00005e 202c
00005f 3375
000060 5432
000061 6d69      	.DB  0x2C,0x20,0x75,0x33,0x32,0x54,0x69,0x6D
000062 4f65
000063 3d6e
000064 6425
000065 202c      	.DB  0x65,0x4F,0x6E,0x3D,0x25,0x64,0x2C,0x20
000066 7500
000067 3233
000068 6954
000069 656d      	.DB  0x0,0x75,0x33,0x32,0x54,0x69,0x6D,0x65
00006a 7943
00006b 6c63
00006c 3d65
00006d 6425      	.DB  0x43,0x79,0x63,0x6C,0x65,0x3D,0x25,0x64
00006e 000a
00006f 5453
000070 5241
000071 2054      	.DB  0xA,0x0,0x53,0x54,0x41,0x52,0x54,0x20
000072 5055
000073 000a      	.DB  0x55,0x50,0xA,0x0
                 _0x20003:
D:\1_Project_EMIC\7_ToolTest\Control_pump_ATmega64\List\Control_Pump.asm(1130): warning: .cseg .db misalignment - padding zero byte
000074 00aa      	.DB  0xAA
                 _0x20004:
D:\1_Project_EMIC\7_ToolTest\Control_pump_ATmega64\List\Control_Pump.asm(1132): warning: .cseg .db misalignment - padding zero byte
000075 00aa      	.DB  0xAA
                 _0x2000E:
D:\1_Project_EMIC\7_ToolTest\Control_pump_ATmega64\List\Control_Pump.asm(1134): warning: .cseg .db misalignment - padding zero byte
000076 0001      	.DB  0x1
                 _0x40000:
000077 480a
000078 5845
000079 205b
00007a 2000      	.DB  0xA,0x48,0x45,0x58,0x5B,0x20,0x0,0x20
00007b 455d
00007c 444e
00007d 4548
00007e 0a58      	.DB  0x5D,0x45,0x4E,0x44,0x48,0x45,0x58,0xA
D:\1_Project_EMIC\7_ToolTest\Control_pump_ATmega64\List\Control_Pump.asm(1138): warning: .cseg .db misalignment - padding zero byte
00007f 0000      	.DB  0x0
                 _0x2020060:
D:\1_Project_EMIC\7_ToolTest\Control_pump_ATmega64\List\Control_Pump.asm(1140): warning: .cseg .db misalignment - padding zero byte
000080 0001      	.DB  0x1
                 _0x2020000:
000081 4e2d
000082 4e41
000083 4900
000084 464e      	.DB  0x2D,0x4E,0x41,0x4E,0x0,0x49,0x4E,0x46
D:\1_Project_EMIC\7_ToolTest\Control_pump_ATmega64\List\Control_Pump.asm(1143): warning: .cseg .db misalignment - padding zero byte
000085 0000      	.DB  0x0
                 
                 __GLOBAL_INI_TBL:
000086 0004      	.DW  0x04
000087 05f5      	.DW  _Speed_Random
000088 009e      	.DW  _0x3*2
                 
000089 000f      	.DW  0x0F
00008a 0500      	.DW  _0x16
00008b 00a4      	.DW  _0x0*2
                 
00008c 000a      	.DW  0x0A
00008d 050f      	.DW  _0x17
00008e 00de      	.DW  _0x0*2+58
                 
00008f 0001      	.DW  0x01
000090 0005      	.DW  0x05
000091 00a2      	.DW  _0x29*2
                 
000092 0001      	.DW  0x01
000093 05f3      	.DW  _HHU_ID1
000094 00e8      	.DW  _0x20003*2
                 
000095 0001      	.DW  0x01
000096 05f4      	.DW  _HHU_ID0
000097 00ea      	.DW  _0x20004*2
                 
000098 0007      	.DW  0x07
000099 0519      	.DW  _0x40031
00009a 00ee      	.DW  _0x40000*2
                 
00009b 000a      	.DW  0x0A
00009c 0520      	.DW  _0x40031+7
00009d 00f5      	.DW  _0x40000*2+7
                 
00009e 0001      	.DW  0x01
00009f 0623      	.DW  __seed_G101
0000a0 0100      	.DW  _0x2020060*2
                 
                 _0xFFFFFFFF:
0000a1 0000      	.DW  0
                 
                 __RESET:
0000a2 94f8      	CLI
0000a3 27ee      	CLR  R30
0000a4 bbec      	OUT  EECR,R30
                 
                 ;INTERRUPT VECTORS ARE PLACED
                 ;AT THE START OF FLASH
0000a5 e0f1      	LDI  R31,1
0000a6 bff5      	OUT  MCUCR,R31
0000a7 bfe5      	OUT  MCUCR,R30
0000a8 93e0 006c 	STS  XMCRB,R30
                 
                 ;DISABLE WATCHDOG
0000aa e1f8      	LDI  R31,0x18
0000ab bdf1      	OUT  WDTCR,R31
0000ac bde1      	OUT  WDTCR,R30
                 
                 ;CLEAR R2-R14
0000ad e08d      	LDI  R24,(14-2)+1
0000ae e0a2      	LDI  R26,2
0000af 27bb      	CLR  R27
                 __CLEAR_REG:
0000b0 93ed      	ST   X+,R30
0000b1 958a      	DEC  R24
0000b2 f7e9      	BRNE __CLEAR_REG
                 
                 ;CLEAR SRAM
0000b3 e080      	LDI  R24,LOW(__CLEAR_SRAM_SIZE)
0000b4 e190      	LDI  R25,HIGH(__CLEAR_SRAM_SIZE)
0000b5 e0a0      	LDI  R26,LOW(__SRAM_START)
0000b6 e0b1      	LDI  R27,HIGH(__SRAM_START)
                 __CLEAR_SRAM:
0000b7 93ed      	ST   X+,R30
0000b8 9701      	SBIW R24,1
0000b9 f7e9      	BRNE __CLEAR_SRAM
                 
                 ;GLOBAL VARIABLES INITIALIZATION
0000ba e0ec      	LDI  R30,LOW(__GLOBAL_INI_TBL*2)
0000bb e0f1      	LDI  R31,HIGH(__GLOBAL_INI_TBL*2)
                 __GLOBAL_INI_NEXT:
0000bc 9185      	LPM  R24,Z+
0000bd 9195      	LPM  R25,Z+
0000be 9700      	SBIW R24,0
0000bf f061      	BREQ __GLOBAL_INI_END
0000c0 91a5      	LPM  R26,Z+
0000c1 91b5      	LPM  R27,Z+
0000c2 9005      	LPM  R0,Z+
0000c3 9015      	LPM  R1,Z+
0000c4 01bf      	MOVW R22,R30
0000c5 01f0      	MOVW R30,R0
                 __GLOBAL_INI_LOOP:
0000c6 9005      	LPM  R0,Z+
0000c7 920d      	ST   X+,R0
0000c8 9701      	SBIW R24,1
0000c9 f7e1      	BRNE __GLOBAL_INI_LOOP
0000ca 01fb      	MOVW R30,R22
0000cb cff0      	RJMP __GLOBAL_INI_NEXT
                 __GLOBAL_INI_END:
                 
                 ;HARDWARE STACK POINTER INITIALIZATION
0000cc efef      	LDI  R30,LOW(__SRAM_END-__HEAP_SIZE)
0000cd bfed      	OUT  SPL,R30
0000ce e1e0      	LDI  R30,HIGH(__SRAM_END-__HEAP_SIZE)
0000cf bfee      	OUT  SPH,R30
                 
                 ;DATA STACK POINTER INITIALIZATION
0000d0 e0c0      	LDI  R28,LOW(__SRAM_START+__DSTACK_SIZE)
0000d1 e0d5      	LDI  R29,HIGH(__SRAM_START+__DSTACK_SIZE)
                 
0000d2 940c 0216 	JMP  _main
                 
                 	.ESEG
                 	.ORG 0
                 
                 	.DSEG
                 	.ORG 0x500
                 
                 	.CSEG
                 ;
                 ;#include "Global.h"
                 ;#include "user_lib.h"
                 	#ifndef __SLEEP_DEFINED__
                 	#define __SLEEP_DEFINED__
                 	.EQU __se_bit=0x20
                 	.EQU __sm_mask=0x1C
                 	.EQU __sm_powerdown=0x10
                 	.EQU __sm_powersave=0x18
                 	.EQU __sm_standby=0x14
                 	.EQU __sm_ext_standby=0x1C
                 	.EQU __sm_adc_noise_red=0x08
                 	.SET power_ctrl_reg=mcucr
                 	#endif
                 ;#include "hardware_config.h"
                 ;
                 ;typedef enum {
                 ;S_START_UP = 0,
                 ;//S_TEST_OUT,
                 ;S_WAIT_RUN,
                 ;S_RUN,
                 ;
                 ;} StateType;
                 ;
                 ;StateType State = S_START_UP;
                 ;volatile uint32_t Speed_Random=0x12345678;
                 
                 	.DSEG
                 ;uint16_t iCounter;
                 ;uint16_t iTimeout;
                 ;uint8_t rando;
                 ;
                 ;uint16_t iCounterRun;
                 ;
                 ;typedef struct
                 ;{
                 ;    uint32_t u32TimeOn;
                 ;    uint32_t u32TimeOnRun;
                 ;    uint32_t u32TimeCycle;
                 ;    BOOL bFlagStart;
                 ;    BOOL bFlagCalTime;
                 ;} OutputType;
                 ;
                 ;OutputType Output[3];
                 ;
                 ;#ifdef SEND_LOG_RF
                 ;unsigned char t1=0,t2=0;
                 ;#endif
                 ;
                 ;void OutputDisplay(void)
                 ; 0000 0026 {
                 
                 	.CSEG
                 _OutputDisplay:
                 ; 0000 0027     uint8_t i;
                 ; 0000 0028     for (i = 0; i < 3; i++)
0000d4 931a      	ST   -Y,R17
                 ;	i -> R17
0000d5 e010      	LDI  R17,LOW(0)
                 _0x5:
0000d6 3013      	CPI  R17,3
0000d7 f010      	BRLO PC+3
0000d8 940c 0128 	JMP _0x6
                 ; 0000 0029     {
                 ; 0000 002A         if (TRUE == Output[i].bFlagStart)
0000da 940e 059d 	CALL SUBOPT_0x0
0000dc 81e0      	LD   R30,Z
0000dd 30e1      	CPI  R30,LOW(0x1)
0000de f011      	BREQ PC+3
0000df 940c 0126 	JMP _0x7
                 ; 0000 002B         {
                 ; 0000 002C             if (Output[i].u32TimeOn >= (Output[i].u32TimeOnRun++))
0000e1 940e 05a3 	CALL SUBOPT_0x1
0000e3 01df      	MOVW R26,R30
0000e4 940e 067b 	CALL __GETD1P
0000e6 937f      	PUSH R23
0000e7 936f      	PUSH R22
0000e8 93ff      	PUSH R31
0000e9 93ef      	PUSH R30
0000ea 940e 05a9 	CALL SUBOPT_0x2
0000ec 940e 05b0 	CALL SUBOPT_0x3
0000ee 91af      	POP  R26
0000ef 91bf      	POP  R27
0000f0 918f      	POP  R24
0000f1 919f      	POP  R25
0000f2 940e 069e 	CALL __CPD21
0000f4 f410      	BRSH PC+3
0000f5 940c 00fb 	JMP _0x8
                 ; 0000 002D             {
                 ; 0000 002E                 OutputRun(i, 1);
0000f7 931a      	ST   -Y,R17
0000f8 940e 05bc 	CALL SUBOPT_0x4
                 ; 0000 002F             }
                 ; 0000 0030             else
0000fa c003      	RJMP _0x9
                 _0x8:
                 ; 0000 0031             {
                 ; 0000 0032                 OutputRun(i, 0);
0000fb 931a      	ST   -Y,R17
0000fc 940e 05c0 	CALL SUBOPT_0x5
                 ; 0000 0033             }
                 _0x9:
                 ; 0000 0034             if (Output[i].u32TimeOnRun >= Output[i].u32TimeCycle)
0000fe 940e 05a9 	CALL SUBOPT_0x2
000100 940e 067b 	CALL __GETD1P
000102 937f      	PUSH R23
000103 936f      	PUSH R22
000104 93ff      	PUSH R31
000105 93ef      	PUSH R30
000106 940e 05c4 	CALL SUBOPT_0x6
000108 01df      	MOVW R26,R30
000109 940e 067b 	CALL __GETD1P
00010b 91af      	POP  R26
00010c 91bf      	POP  R27
00010d 918f      	POP  R24
00010e 919f      	POP  R25
00010f 940e 069e 	CALL __CPD21
000111 f410      	BRSH PC+3
000112 940c 0126 	JMP _0xA
                 ; 0000 0035             {
                 ; 0000 0036                 Output[i].u32TimeOnRun = 0;
000114 e0ae      	LDI  R26,LOW(14)
000115 9f1a      	MUL  R17,R26
000116 01f0      	MOVW R30,R0
                +
000117 50e3     +SUBI R30 , LOW ( - _Output - ( 4 ) )
000118 4ffa     +SBCI R31 , HIGH ( - _Output - ( 4 ) )
                 	__ADDW1MN _Output,4
                +
000119 e0a0     +LDI R26 , LOW ( 0x0 )
00011a e0b0     +LDI R27 , HIGH ( 0x0 )
00011b e080     +LDI R24 , BYTE3 ( 0x0 )
00011c e090     +LDI R25 , BYTE4 ( 0x0 )
                 	__GETD2N 0x0
00011d 940e 05ca 	CALL SUBOPT_0x7
                 ; 0000 0037                 Output[i].bFlagStart = FALSE;
00011f 940e 059d 	CALL SUBOPT_0x0
000121 e0a0      	LDI  R26,LOW(0)
000122 940e 05cd 	CALL SUBOPT_0x8
                 ; 0000 0038                 Output[i].bFlagCalTime = TRUE;
000124 e0a1      	LDI  R26,LOW(1)
000125 83a0      	STD  Z+0,R26
                 ; 0000 0039             }
                 ; 0000 003A         }
                 _0xA:
                 ; 0000 003B     }
                 _0x7:
                 _0x4:
000126 5f1f      	SUBI R17,-1
000127 cfae      	RJMP _0x5
                 _0x6:
                 ; 0000 003C }
000128 9119      	LD   R17,Y+
000129 9508      	RET
                 ;
                 ;interrupt [TIM0_OVF] void timer0_ovf(void)
                 ; 0000 003F {
                 _timer0_ovf:
00012a 920a      	ST   -Y,R0
00012b 921a      	ST   -Y,R1
00012c 92fa      	ST   -Y,R15
00012d 936a      	ST   -Y,R22
00012e 937a      	ST   -Y,R23
00012f 938a      	ST   -Y,R24
000130 939a      	ST   -Y,R25
000131 93aa      	ST   -Y,R26
000132 93ba      	ST   -Y,R27
000133 93ea      	ST   -Y,R30
000134 93fa      	ST   -Y,R31
000135 b7ef      	IN   R30,SREG
000136 93ea      	ST   -Y,R30
                 ; 0000 0040     TCNT0=131;
000137 e8e3      	LDI  R30,LOW(131)
000138 bfe2      	OUT  0x32,R30
                 ; 0000 0041     if (S_WAIT_RUN == State)
000139 e0a1      	LDI  R26,LOW(1)
00013a 165a      	CP   R5,R26
00013b f011      	BREQ PC+3
00013c 940c 014a 	JMP _0xB
                 ; 0000 0042     {
                 ; 0000 0043         if (10000 <= (iTimeout++))
00013e 01f4      	MOVW R30,R8
00013f 9631      	ADIW R30,1
000140 014f      	MOVW R8,R30
000141 9731      	SBIW R30,1
000142 31e0      	CPI  R30,LOW(0x2710)
000143 e2a7      	LDI  R26,HIGH(0x2710)
000144 07fa      	CPC  R31,R26
000145 f410      	BRSH PC+3
000146 940c 014a 	JMP _0xC
                 ; 0000 0044         {
                 ; 0000 0045             State = S_RUN;
000148 e0e2      	LDI  R30,LOW(2)
000149 2e5e      	MOV  R5,R30
                 ; 0000 0046         }
                 ; 0000 0047     }
                 _0xC:
                 ; 0000 0048     Speed_Random++;
                 _0xB:
00014a 940e 05d4 	CALL SUBOPT_0x9
                 ; 0000 0049     // NOTE: calculations are in *TICKS* (not milliseconds)
                 ; 0000 004A     if(iCounter++>=100)
00014c 01f3      	MOVW R30,R6
00014d 9631      	ADIW R30,1
00014e 013f      	MOVW R6,R30
00014f 9731      	SBIW R30,1
000150 36e4      	CPI  R30,LOW(0x64)
000151 e0a0      	LDI  R26,HIGH(0x64)
000152 07fa      	CPC  R31,R26
000153 f410      	BRSH PC+3
000154 940c 0158 	JMP _0xD
                 ; 0000 004B     {
                 ; 0000 004C       LEDRedOn();
000156 940e 0295 	CALL _LEDRedOn
                 ; 0000 004D     }
                 ; 0000 004E     if(iCounter>=2000)
                 _0xD:
000158 ede0      	LDI  R30,LOW(2000)
000159 e0f7      	LDI  R31,HIGH(2000)
00015a 166e      	CP   R6,R30
00015b 067f      	CPC  R7,R31
00015c f410      	BRSH PC+3
00015d 940c 0163 	JMP _0xE
                 ; 0000 004F     {
                 ; 0000 0050         LEDRedOff();
00015f 940e 0297 	CALL _LEDRedOff
                 ; 0000 0051         iCounter=0;
000161 2466      	CLR  R6
000162 2477      	CLR  R7
                 ; 0000 0052     }
                 ; 0000 0053     if (S_RUN == State)
                 _0xE:
000163 e0a2      	LDI  R26,LOW(2)
000164 165a      	CP   R5,R26
000165 f011      	BREQ PC+3
000166 940c 0181 	JMP _0xF
                 ; 0000 0054     {
                 ; 0000 0055         if(iCounterRun++>=500)
000168 01f5      	MOVW R30,R10
000169 9631      	ADIW R30,1
00016a 015f      	MOVW R10,R30
00016b 9731      	SBIW R30,1
00016c 3fe4      	CPI  R30,LOW(0x1F4)
00016d e0a1      	LDI  R26,HIGH(0x1F4)
00016e 07fa      	CPC  R31,R26
00016f f410      	BRSH PC+3
000170 940c 0174 	JMP _0x10
                 ; 0000 0056         {
                 ; 0000 0057             LEDGreenOn();
000172 940e 0299 	CALL _LEDGreenOn
                 ; 0000 0058         }
                 ; 0000 0059         if(iCounterRun>=1000)
                 _0x10:
000174 eee8      	LDI  R30,LOW(1000)
000175 e0f3      	LDI  R31,HIGH(1000)
000176 16ae      	CP   R10,R30
000177 06bf      	CPC  R11,R31
000178 f410      	BRSH PC+3
000179 940c 017f 	JMP _0x11
                 ; 0000 005A         {
                 ; 0000 005B             LEDGreenOff();
00017b 940e 029b 	CALL _LEDGreenOff
                 ; 0000 005C             iCounterRun=0;
00017d 24aa      	CLR  R10
00017e 24bb      	CLR  R11
                 ; 0000 005D         }
                 ; 0000 005E         OutputDisplay();
                 _0x11:
00017f 940e 00d4 	CALL _OutputDisplay
                 ; 0000 005F     }
                 ; 0000 0060 
                 ; 0000 0061 }
                 _0xF:
000181 91e9      	LD   R30,Y+
000182 bfef      	OUT  SREG,R30
000183 91f9      	LD   R31,Y+
000184 91e9      	LD   R30,Y+
000185 91b9      	LD   R27,Y+
000186 91a9      	LD   R26,Y+
000187 9199      	LD   R25,Y+
000188 9189      	LD   R24,Y+
000189 9179      	LD   R23,Y+
00018a 9169      	LD   R22,Y+
00018b 90f9      	LD   R15,Y+
00018c 9019      	LD   R1,Y+
00018d 9009      	LD   R0,Y+
00018e 9518      	RETI
                 ;
                 ;// USART0 Receiver interrupt service routine
                 ;interrupt [USART0_RXC] void usart0_rx_isr(void)
                 ; 0000 0065 {
                 _usart0_rx_isr:
                 ; 0000 0066 
                 ; 0000 0067 }
00018f 9518      	RETI
                 ;
                 ;
                 ;// USART1 Receiver interrupt service routine
                 ;interrupt [USART1_RXC] void usart1_rx_isr(void)
                 ; 0000 006C {
                 _usart1_rx_isr:
                 ; 0000 006D }
000190 9518      	RETI
                 ;
                 ;
                 ;// External Interrupt 0 service routine
                 ;interrupt [EXT_INT0] void ext_int0_isr(void)
                 ; 0000 0072 {
                 _ext_int0_isr:
000191 93ea      	ST   -Y,R30
                 ; 0000 0073     State = S_RUN;
000192 e0e2      	LDI  R30,LOW(2)
000193 2e5e      	MOV  R5,R30
                 ; 0000 0074 }
000194 91e9      	LD   R30,Y+
000195 9518      	RETI
                 ;
                 ;
                 ;
                 ;void OutputCalTime(void)
                 ; 0000 0079 {
                 _OutputCalTime:
                 ; 0000 007A     uint8_t i = 0;
                 ; 0000 007B     for (i = 0; i < 3; i++)
000196 931a      	ST   -Y,R17
                 ;	i -> R17
000197 e010      	LDI  R17,0
000198 e010      	LDI  R17,LOW(0)
                 _0x13:
000199 3013      	CPI  R17,3
00019a f010      	BRLO PC+3
00019b 940c 0214 	JMP _0x14
                 ; 0000 007C     {
                 ; 0000 007D         if (TRUE == Output[i].bFlagCalTime)
00019d e0ae      	LDI  R26,LOW(14)
00019e 9f1a      	MUL  R17,R26
00019f 01f0      	MOVW R30,R0
                +
0001a0 5fea     +SUBI R30 , LOW ( - _Output - ( 13 ) )
0001a1 4ff9     +SBCI R31 , HIGH ( - _Output - ( 13 ) )
                 	__ADDW1MN _Output,13
0001a2 81e0      	LD   R30,Z
0001a3 30e1      	CPI  R30,LOW(0x1)
0001a4 f011      	BREQ PC+3
0001a5 940c 0212 	JMP _0x15
                 ; 0000 007E         {
                 ; 0000 007F             rando =  Random(Speed_Random++);
0001a7 940e 05d4 	CALL SUBOPT_0x9
0001a9 93ea      	ST   -Y,R30
0001aa 940e 027f 	CALL _Random
0001ac 2e4e      	MOV  R4,R30
                 ; 0000 0080             Output[i].u32TimeOn = (uint32_t)1987 + (uint32_t)rando*(uint32_t)357;
0001ad 940e 05a3 	CALL SUBOPT_0x1
0001af 93ff      	PUSH R31
0001b0 93ef      	PUSH R30
0001b1 940e 05d7 	CALL SUBOPT_0xA
                +
0001b3 53ed     +SUBI R30 , LOW ( - 1987 )
0001b4 4ff8     +SBCI R31 , HIGH ( - 1987 )
0001b5 4f6f     +SBCI R22 , BYTE3 ( - 1987 )
0001b6 4f7f     +SBCI R23 , BYTE4 ( - 1987 )
                 	__ADDD1N 1987
0001b7 91af      	POP  R26
0001b8 91bf      	POP  R27
0001b9 940e 05e2 	CALL SUBOPT_0xB
                 ; 0000 0081 #ifdef DBG_SEND
                 ; 0000 0082             memset(log1, 0, sizeof(log1));
0001bb e0e0      	LDI  R30,LOW(0)
0001bc 93ea      	ST   -Y,R30
0001bd ece8      	LDI  R30,LOW(200)
0001be e0f0      	LDI  R31,HIGH(200)
0001bf 93fa      	ST   -Y,R31
0001c0 93ea      	ST   -Y,R30
0001c1 940e 057a 	CALL _memset
                 ; 0000 0083             DBG_SendStr("OutputCalTime\n");
                +
0001c3 e0e0     +LDI R30 , LOW ( _0x16 + ( 0 ) )
0001c4 e0f5     +LDI R31 , HIGH ( _0x16 + ( 0 ) )
                 	__POINTW1MN _0x16,0
0001c5 940e 05e9 	CALL SUBOPT_0xC
                 ; 0000 0084             logLen = sprintf(log1, "Output=%d, u32TimeOn=%d, ", i, rando);
0001c7 e2ea      	LDI  R30,LOW(_log1)
0001c8 e0f5      	LDI  R31,HIGH(_log1)
0001c9 93fa      	ST   -Y,R31
0001ca 93ea      	ST   -Y,R30
                +
0001cb ebe3     +LDI R30 , LOW ( 2 * _0x0 + ( 15 ) )
0001cc e0f0     +LDI R31 , HIGH ( 2 * _0x0 + ( 15 ) )
                 	__POINTW1FN _0x0,15
0001cd 93fa      	ST   -Y,R31
0001ce 93ea      	ST   -Y,R30
0001cf 2fe1      	MOV  R30,R17
0001d0 940e 05ed 	CALL SUBOPT_0xD
0001d2 2de4      	MOV  R30,R4
0001d3 940e 05ed 	CALL SUBOPT_0xD
0001d5 e088      	LDI  R24,8
0001d6 940e 051e 	CALL _sprintf
0001d8 962c      	ADIW R28,12
0001d9 940e 05f3 	CALL SUBOPT_0xE
                 ; 0000 0085             DBG_SendStr(log1);
                 ; 0000 0086 #endif
                 ; 0000 0087             rando =  Random(Speed_Random++);
0001db 940e 05d4 	CALL SUBOPT_0x9
0001dd 93ea      	ST   -Y,R30
0001de 940e 027f 	CALL _Random
0001e0 2e4e      	MOV  R4,R30
                 ; 0000 0088             Output[i].u32TimeCycle = Output[i].u32TimeOn + (uint32_t)rando*(uint32_t)357 + (uint32_t)2345;
0001e1 940e 05c4 	CALL SUBOPT_0x6
0001e3 93ff      	PUSH R31
0001e4 93ef      	PUSH R30
0001e5 940e 05a3 	CALL SUBOPT_0x1
0001e7 01df      	MOVW R26,R30
0001e8 940e 067b 	CALL __GETD1P
0001ea 937f      	PUSH R23
0001eb 936f      	PUSH R22
0001ec 93ff      	PUSH R31
0001ed 93ef      	PUSH R30
0001ee 940e 05d7 	CALL SUBOPT_0xA
0001f0 91af      	POP  R26
0001f1 91bf      	POP  R27
0001f2 918f      	POP  R24
0001f3 919f      	POP  R25
0001f4 940e 0649 	CALL __ADDD12
                +
0001f6 5de7     +SUBI R30 , LOW ( - 2345 )
0001f7 4ff6     +SBCI R31 , HIGH ( - 2345 )
0001f8 4f6f     +SBCI R22 , BYTE3 ( - 2345 )
0001f9 4f7f     +SBCI R23 , BYTE4 ( - 2345 )
                 	__ADDD1N 2345
0001fa 91af      	POP  R26
0001fb 91bf      	POP  R27
0001fc 940e 05e2 	CALL SUBOPT_0xB
                 ; 0000 0089 #ifdef DBG_SEND
                 ; 0000 008A             logLen = sprintf(log1, "u32TimeCycle=%d\n", rando);
                +
0001fe eced     +LDI R30 , LOW ( 2 * _0x0 + ( 41 ) )
0001ff e0f0     +LDI R31 , HIGH ( 2 * _0x0 + ( 41 ) )
                 	__POINTW1FN _0x0,41
000200 93fa      	ST   -Y,R31
000201 93ea      	ST   -Y,R30
000202 2de4      	MOV  R30,R4
000203 940e 05ed 	CALL SUBOPT_0xD
000205 e084      	LDI  R24,4
000206 940e 051e 	CALL _sprintf
000208 9628      	ADIW R28,8
000209 940e 05f3 	CALL SUBOPT_0xE
                 ; 0000 008B             DBG_SendStr(log1);
                 ; 0000 008C #endif
                 ; 0000 008D             Output[i].bFlagStart = TRUE;
00020b 940e 059d 	CALL SUBOPT_0x0
00020d e0a1      	LDI  R26,LOW(1)
00020e 940e 05cd 	CALL SUBOPT_0x8
                 ; 0000 008E             Output[i].bFlagCalTime = FALSE;
000210 e0a0      	LDI  R26,LOW(0)
000211 83a0      	STD  Z+0,R26
                 ; 0000 008F         }
                 ; 0000 0090     }
                 _0x15:
                 _0x12:
000212 5f1f      	SUBI R17,-1
000213 cf85      	RJMP _0x13
                 _0x14:
                 ; 0000 0091 
                 ; 0000 0092 }
000214 9119      	LD   R17,Y+
000215 9508      	RET
                 
                 	.DSEG
                 _0x16:
000500           	.BYTE 0xF
                 ;void main(void)
                 ; 0000 0094 {
                 
                 	.CSEG
                 _main:
                 ; 0000 0095     uint8_t i = 0;
                 ; 0000 0096     HardwareInit();
                 ;	i -> R17
000216 e010      	LDI  R17,0
000217 940e 02dc 	CALL _HardwareInit
                 ; 0000 0097 
                 ; 0000 0098     Reset_WDT();
000219 940e 02eb 	CALL _Reset_WDT
                 ; 0000 0099     //=========================================
                 ; 0000 009A #ifdef DBG_SEND
                 ; 0000 009B     DBG_SendStr("START UP\n");
                +
00021b e0ef     +LDI R30 , LOW ( _0x17 + ( 0 ) )
00021c e0f5     +LDI R31 , HIGH ( _0x17 + ( 0 ) )
                 	__POINTW1MN _0x17,0
00021d 940e 05e9 	CALL SUBOPT_0xC
                 ; 0000 009C #endif
                 ; 0000 009D     Reset_WDT();
00021f 940e 02eb 	CALL _Reset_WDT
                 ; 0000 009E     #asm("sei")
000221 9478      	sei
                 ; 0000 009F 
                 ; 0000 00A0     for (i = 0; i < 3; i++)
000222 e010      	LDI  R17,LOW(0)
                 _0x19:
000223 3013      	CPI  R17,3
000224 f010      	BRLO PC+3
000225 940c 023d 	JMP _0x1A
                 ; 0000 00A1     {
                 ; 0000 00A2         Output[i].bFlagStart = TRUE;
000227 940e 059d 	CALL SUBOPT_0x0
000229 e0a1      	LDI  R26,LOW(1)
00022a 83a0      	STD  Z+0,R26
                 ; 0000 00A3         Output[i].u32TimeOn = 5123;
00022b 940e 05a3 	CALL SUBOPT_0x1
                +
00022d e0a3     +LDI R26 , LOW ( 0x1403 )
00022e e1b4     +LDI R27 , HIGH ( 0x1403 )
00022f e080     +LDI R24 , BYTE3 ( 0x1403 )
000230 e090     +LDI R25 , BYTE4 ( 0x1403 )
                 	__GETD2N 0x1403
000231 940e 05ca 	CALL SUBOPT_0x7
                 ; 0000 00A4         Output[i].u32TimeCycle = 10321;
000233 940e 05c4 	CALL SUBOPT_0x6
                +
000235 e5a1     +LDI R26 , LOW ( 0x2851 )
000236 e2b8     +LDI R27 , HIGH ( 0x2851 )
000237 e080     +LDI R24 , BYTE3 ( 0x2851 )
000238 e090     +LDI R25 , BYTE4 ( 0x2851 )
                 	__GETD2N 0x2851
000239 940e 05ca 	CALL SUBOPT_0x7
                 ; 0000 00A5     }
                 _0x18:
00023b 5f1f      	SUBI R17,-1
00023c cfe6      	RJMP _0x19
                 _0x1A:
                 ; 0000 00A6     OutputRun(0,1);
00023d e0e0      	LDI  R30,LOW(0)
00023e 93ea      	ST   -Y,R30
00023f 940e 05bc 	CALL SUBOPT_0x4
                 ; 0000 00A7     for (i = 0; i < 10; i++)
000241 e010      	LDI  R17,LOW(0)
                 _0x1C:
000242 301a      	CPI  R17,10
000243 f010      	BRLO PC+3
000244 940c 024a 	JMP _0x1D
                 ; 0000 00A8     {
                 ; 0000 00A9        Reset_WDT();
000246 940e 05f8 	CALL SUBOPT_0xF
                 ; 0000 00AA        delay_ms(500);
                 ; 0000 00AB     }
                 _0x1B:
000248 5f1f      	SUBI R17,-1
000249 cff8      	RJMP _0x1C
                 _0x1D:
                 ; 0000 00AC     OutputRun(0,0);
00024a e0e0      	LDI  R30,LOW(0)
00024b 93ea      	ST   -Y,R30
00024c 93ea      	ST   -Y,R30
00024d 940e 032c 	CALL _OutputRun
                 ; 0000 00AD     OutputRun(1,1);
00024f e0e1      	LDI  R30,LOW(1)
000250 93ea      	ST   -Y,R30
000251 93ea      	ST   -Y,R30
000252 940e 032c 	CALL _OutputRun
                 ; 0000 00AE     for (i = 0; i < 10; i++)
000254 e010      	LDI  R17,LOW(0)
                 _0x1F:
000255 301a      	CPI  R17,10
000256 f010      	BRLO PC+3
000257 940c 025d 	JMP _0x20
                 ; 0000 00AF     {
                 ; 0000 00B0        Reset_WDT();
000259 940e 05f8 	CALL SUBOPT_0xF
                 ; 0000 00B1        delay_ms(500);
                 ; 0000 00B2     }
                 _0x1E:
00025b 5f1f      	SUBI R17,-1
00025c cff8      	RJMP _0x1F
                 _0x20:
                 ; 0000 00B3     OutputRun(1,0);
00025d e0e1      	LDI  R30,LOW(1)
00025e 93ea      	ST   -Y,R30
00025f 940e 05c0 	CALL SUBOPT_0x5
                 ; 0000 00B4     OutputRun(2,1);
000261 e0e2      	LDI  R30,LOW(2)
000262 93ea      	ST   -Y,R30
000263 940e 05bc 	CALL SUBOPT_0x4
                 ; 0000 00B5     for (i = 0; i < 10; i++)
000265 e010      	LDI  R17,LOW(0)
                 _0x22:
000266 301a      	CPI  R17,10
000267 f010      	BRLO PC+3
000268 940c 026e 	JMP _0x23
                 ; 0000 00B6     {
                 ; 0000 00B7        Reset_WDT();
00026a 940e 05f8 	CALL SUBOPT_0xF
                 ; 0000 00B8        delay_ms(500);
                 ; 0000 00B9     }
                 _0x21:
00026c 5f1f      	SUBI R17,-1
00026d cff8      	RJMP _0x22
                 _0x23:
                 ; 0000 00BA     OutputRun(2,0);
00026e e0e2      	LDI  R30,LOW(2)
00026f 93ea      	ST   -Y,R30
000270 940e 05c0 	CALL SUBOPT_0x5
                 ; 0000 00BB     State = S_WAIT_RUN;
000272 e0e1      	LDI  R30,LOW(1)
000273 2e5e      	MOV  R5,R30
                 ; 0000 00BC     while (1)
                 _0x24:
                 ; 0000 00BD     {
                 ; 0000 00BE        Reset_WDT();
000274 940e 05f8 	CALL SUBOPT_0xF
                 ; 0000 00BF        delay_ms(500);
                 ; 0000 00C0        if (S_RUN == State)
000276 e0a2      	LDI  R26,LOW(2)
000277 165a      	CP   R5,R26
000278 f011      	BREQ PC+3
000279 940c 027d 	JMP _0x27
                 ; 0000 00C1        {
                 ; 0000 00C2             OutputCalTime();
00027b 940e 0196 	CALL _OutputCalTime
                 ; 0000 00C3        }
                 ; 0000 00C4     }
                 _0x27:
00027d cff6      	RJMP _0x24
                 _0x26:
                 ; 0000 00C5 }
                 _0x28:
00027e cfff      	RJMP _0x28
                 
                 	.DSEG
                 _0x17:
00050f           	.BYTE 0xA
                 ;
                 ;#include "user_lib.h"
                 	#ifndef __SLEEP_DEFINED__
                 	#endif
                 ;
                 ;volatile uint8_t HHU_ID1=0xAA,HHU_ID0=0xAA;
                 
                 	.DSEG
                 ;
                 ;
                 ;uint8_t CompareBuffer(uint8_t *Input1, uint8_t *Input2, uint16_t Len)
                 ; 0001 0008 {
                 
                 	.CSEG
                 ; 0001 0009 uint16_t i, k = 0;
                 ; 0001 000A for(i=0; i<Len; i++)
                 ;	*Input1 -> Y+8
                 ;	*Input2 -> Y+6
                 ;	Len -> Y+4
                 ;	i -> R16,R17
                 ;	k -> R18,R19
                 ; 0001 000B {if(Input1[i] == Input2[i]) k++;}
                 ; 0001 000C 
                 ; 0001 000D if(k==Len) return 1;
                 ; 0001 000E else  return 0;
                 ; 0001 000F }
                 ;
                 ;void ClearData(uint8_t *Input, uint16_t Len)
                 ; 0001 0012 {
                 ; 0001 0013 uint16_t i;
                 ; 0001 0014 for(i=0;i<Len;i++) {Input[i] = 0x00;}
                 ;	*Input -> Y+4
                 ;	Len -> Y+2
                 ;	i -> R16,R17
                 ; 0001 0015 }
                 ;
                 ;uint8_t Random(uint8_t random)
                 ; 0001 0018 {
                 _Random:
                 ; 0001 0019     unsigned rvar=0;
                 ; 0001 001A     srand(random);
00027f 931a      	ST   -Y,R17
000280 930a      	ST   -Y,R16
                 ;	random -> Y+2
                 ;	rvar -> R16,R17
                +
000281 e000     +LDI R16 , LOW ( 0 )
000282 e010     +LDI R17 , HIGH ( 0 )
                 	__GETWRN 16,17,0
000283 81ea      	LDD  R30,Y+2
000284 e0f0      	LDI  R31,0
000285 93fa      	ST   -Y,R31
000286 93ea      	ST   -Y,R30
000287 940e 055b 	CALL _srand
                 ; 0001 001B     rvar=(uint8_t)rand();
000289 940e 0563 	CALL _rand
00028b 2f0e      	MOV  R16,R30
00028c 2711      	CLR  R17
                 ; 0001 001C     return rvar;
00028d 2fe0      	MOV  R30,R16
00028e 8119      	LDD  R17,Y+1
00028f 8108      	LDD  R16,Y+0
000290 9623      	ADIW R28,3
000291 9508      	RET
                 ; 0001 001D }
                 ;void Make_HHU_ID(uint8_t random)
                 ; 0001 001F {
                 ; 0001 0020     static uint8_t Only_First_Time_Flag=TRUE;
                 
                 	.DSEG
                 
                 	.CSEG
                 ; 0001 0021      HHU_ID0=Random(random);
                 ;	random -> Y+0
                 ; 0001 0022      if(Only_First_Time_Flag)
                 ; 0001 0023      {
                 ; 0001 0024         HHU_ID1=HHU_ID0;
                 ; 0001 0025         Only_First_Time_Flag=FALSE;
                 ; 0001 0026      }
                 ; 0001 0027      else
                 ; 0001 0028      {
                 ; 0001 0029         HHU_ID1++;
                 ; 0001 002A      }
                 ; 0001 002B }
                 ;
                 ;uint8_t Cal_XOR(uint8_t *Data, uint16_t Len)
                 ; 0001 002E {
                 ; 0001 002F    uint16_t i;
                 ; 0001 0030    uint8_t crc=0;
                 ; 0001 0031    for(i=0;i<Len;i++) {crc^=Data[i];}
                 ;	*Data -> Y+6
                 ;	Len -> Y+4
                 ;	i -> R16,R17
                 ;	crc -> R19
                 ; 0001 0032    return crc;
                 ; 0001 0033 }
                 ;
                 ;// input: bao gom ca byte XOR cuoi can check
                 ;uint8_t Check_XOR(uint8_t *Data, uint16_t Len)
                 ; 0001 0037 {
                 ; 0001 0038     if(Data[Len-1]==Cal_XOR(Data, Len-1)) return 1;
                 ;	*Data -> Y+2
                 ;	Len -> Y+0
                 ; 0001 0039     return 0;
                 ; 0001 003A }
                 ;
                 ;uint8_t Cal_SUM(uint8_t *Data, uint16_t Len)
                 ; 0001 003D {
                 ; 0001 003E    uint16_t i;
                 ; 0001 003F    uint8_t crc=0;
                 ; 0001 0040    for(i=0;i<Len;i++) {crc+=Data[i];}
                 ;	*Data -> Y+6
                 ;	Len -> Y+4
                 ;	i -> R16,R17
                 ;	crc -> R19
                 ; 0001 0041    return crc;
                 ; 0001 0042 }
                 ;
                 ;// input: bao gom ca byte SUM cuoi can check
                 ;uint8_t Check_SUM(uint8_t *Data, uint16_t Len)
                 ; 0001 0046 {
                 ; 0001 0047     if(Data[Len-1]==Cal_SUM(Data, Len-1)) return 1;
                 ;	*Data -> Y+2
                 ;	Len -> Y+0
                 ; 0001 0048     return 0;
                 ; 0001 0049 }
                 ;
                 ;
                 ;#include "hardware_config.h"
                 	#ifndef __SLEEP_DEFINED__
                 	#endif
                 ;
                 ;
                 ;static void LEDInit(void)
                 ; 0002 0006 {
                 
                 	.CSEG
                 _LEDInit_G002:
                 ; 0002 0007 // LED1
                 ; 0002 0008     DDRD.5=1;
000292 9a8d      	SBI  0x11,5
                 ; 0002 0009 // LED2
                 ; 0002 000A     DDRD.6=1;
000293 9a8e      	SBI  0x11,6
                 ; 0002 000B }
000294 9508      	RET
                 ;
                 ;
                 ;void LEDRedOn(void)
                 ; 0002 000F {
                 _LEDRedOn:
                 ; 0002 0010     PORTD.6=0;
000295 9896      	CBI  0x12,6
                 ; 0002 0011 }
000296 9508      	RET
                 ;void LEDRedOff(void)
                 ; 0002 0013 {
                 _LEDRedOff:
                 ; 0002 0014     PORTD.6=1;
000297 9a96      	SBI  0x12,6
                 ; 0002 0015 }
000298 9508      	RET
                 ;
                 ;void LEDGreenOn(void)
                 ; 0002 0018 {
                 _LEDGreenOn:
                 ; 0002 0019     PORTD.5=0;
000299 9895      	CBI  0x12,5
                 ; 0002 001A }
00029a 9508      	RET
                 ;
                 ;void LEDGreenOff(void)
                 ; 0002 001D {
                 _LEDGreenOff:
                 ; 0002 001E     PORTD.5=1;
00029b 9a95      	SBI  0x12,5
                 ; 0002 001F }
00029c 9508      	RET
                 ;
                 ;static void Timer0Init(void)
                 ; 0002 0022 {
                 _Timer0Init_G002:
                 ; 0002 0023     ASSR=0x00;
00029d e0e0      	LDI  R30,LOW(0)
00029e bfe0      	OUT  0x30,R30
                 ; 0002 0024     OCR0=0x00;
00029f bfe1      	OUT  0x31,R30
                 ; 0002 0025     TCCR0=0x04;             // Prescaling = 64
0002a0 e0e4      	LDI  R30,LOW(4)
0002a1 bfe3      	OUT  0x33,R30
                 ; 0002 0026     TCNT0=131;               // 56 <=>1.6ms;  131 <=>1 ms
0002a2 e8e3      	LDI  R30,LOW(131)
0002a3 bfe2      	OUT  0x32,R30
                 ; 0002 0027     TIMSK |= (1<<TOIE0);    // TC0 overflow interrupt enable
0002a4 b7e7      	IN   R30,0x37
0002a5 60e1      	ORI  R30,1
0002a6 bfe7      	OUT  0x37,R30
                 ; 0002 0028 }
0002a7 9508      	RET
                 ;
                 ;void DisableInterrupt(void)
                 ; 0002 002B {
                 ; 0002 002C     EIMSK=0x00;
                 ; 0002 002D }
                 ;
                 ;void EnableInterrupt(void)
                 ; 0002 0030 {
                 _EnableInterrupt:
                 ; 0002 0031     EIMSK=0x01;
0002a8 e0e1      	LDI  R30,LOW(1)
0002a9 bfe9      	OUT  0x39,R30
                 ; 0002 0032 }
0002aa 9508      	RET
                 ;
                 ;static void ConfigHardware(void)
                 ; 0002 0035 {
                 _ConfigHardware_G002:
                 ; 0002 0036     //SDN Si4432
                 ; 0002 0037     DDRB.7=1;
0002ab 9abf      	SBI  0x17,7
                 ; 0002 0038 // SI4432
                 ; 0002 0039     // External Interrupt(s) initialization
                 ; 0002 003A     // INT0: On
                 ; 0002 003B     // INT0 Mode: Failling Edge
                 ; 0002 003C     EICRA=0x02;
0002ac e0e2      	LDI  R30,LOW(2)
0002ad 93e0 006a 	STS  106,R30
                 ; 0002 003D     EICRB=0x00;
0002af e0e0      	LDI  R30,LOW(0)
0002b0 bfea      	OUT  0x3A,R30
                 ; 0002 003E     EIMSK=0x01;
0002b1 e0e1      	LDI  R30,LOW(1)
0002b2 bfe9      	OUT  0x39,R30
                 ; 0002 003F     EIFR=0x01;
0002b3 bfe8      	OUT  0x38,R30
                 ; 0002 0040 
                 ; 0002 0041 //CC1101
                 ; 0002 0042     // External Interrupt(s) initialization
                 ; 0002 0043     // INT0: On
                 ; 0002 0044 //    // INT0 Mode: Rising Edge
                 ; 0002 0045 //    EICRA=0x03;
                 ; 0002 0046 //    EICRB=0x00;
                 ; 0002 0047 //    EIMSK=0x01;
                 ; 0002 0048 //    EIFR=0x01;
                 ; 0002 0049 
                 ; 0002 004A     // Timer(s)/Counter(s) Interrupt(s) initialization
                 ; 0002 004B     TIMSK=0x00;
0002b4 e0e0      	LDI  R30,LOW(0)
0002b5 bfe7      	OUT  0x37,R30
                 ; 0002 004C 
                 ; 0002 004D     ETIMSK=0x00;
0002b6 93e0 007d 	STS  125,R30
                 ; 0002 004E // USART0 initialization
                 ; 0002 004F // Communication Parameters: 8 Data, 1 Stop, No Parity
                 ; 0002 0050 // USART0 Receiver: On
                 ; 0002 0051 // USART0 Transmitter: On
                 ; 0002 0052 // USART0 Mode: Asynchronous
                 ; 0002 0053 // USART0 Baud Rate: 57600 (Double Speed Mode)
                 ; 0002 0054     UCSR0A=0x02;
0002b8 e0e2      	LDI  R30,LOW(2)
0002b9 b9eb      	OUT  0xB,R30
                 ; 0002 0055     UCSR0B=0x98;
0002ba e9e8      	LDI  R30,LOW(152)
0002bb b9ea      	OUT  0xA,R30
                 ; 0002 0056     UCSR0C=0x06;
0002bc e0e6      	LDI  R30,LOW(6)
0002bd 93e0 0095 	STS  149,R30
                 ; 0002 0057     UBRR0H=0x00;
0002bf e0e0      	LDI  R30,LOW(0)
0002c0 93e0 0090 	STS  144,R30
                 ; 0002 0058     UBRR0L=0x10;
0002c2 e1e0      	LDI  R30,LOW(16)
0002c3 b9e9      	OUT  0x9,R30
                 ; 0002 0059 
                 ; 0002 005A // USART1 initialization
                 ; 0002 005B // Communication Parameters: 8 Data, 1 Stop, No Parity
                 ; 0002 005C // USART1 Receiver: On
                 ; 0002 005D // USART1 Transmitter: On
                 ; 0002 005E // USART1 Mode: Asynchronous
                 ; 0002 005F // USART1 Baud Rate: 57600 (Double Speed Mode)
                 ; 0002 0060     UCSR1A=0x02;
0002c4 e0e2      	LDI  R30,LOW(2)
0002c5 93e0 009b 	STS  155,R30
                 ; 0002 0061     UCSR1B=0x98;
0002c7 e9e8      	LDI  R30,LOW(152)
0002c8 93e0 009a 	STS  154,R30
                 ; 0002 0062     UCSR1C=0x06;
0002ca e0e6      	LDI  R30,LOW(6)
0002cb 93e0 009d 	STS  157,R30
                 ; 0002 0063     UBRR1H=0x00;
0002cd e0e0      	LDI  R30,LOW(0)
0002ce 93e0 0098 	STS  152,R30
                 ; 0002 0064     UBRR1L=0x10;
0002d0 e1e0      	LDI  R30,LOW(16)
0002d1 93e0 0099 	STS  153,R30
                 ; 0002 0065 }
0002d3 9508      	RET
                 ;
                 ;static void PullupRxTx(void)
                 ; 0002 0068 {
                 _PullupRxTx_G002:
                 ; 0002 0069     PORTE.0=1; //RXD0 pullup
0002d4 9a18      	SBI  0x3,0
                 ; 0002 006A     PORTD.2=1; //RXD1 pullup
0002d5 9a92      	SBI  0x12,2
                 ; 0002 006B }
0002d6 9508      	RET
                 ;
                 ;static void Internal_Watchdog_Init()//1s wdt
                 ; 0002 006E {
                 _Internal_Watchdog_Init_G002:
                 ; 0002 006F     WDTCR=0x1E;
0002d7 e1ee      	LDI  R30,LOW(30)
0002d8 bde1      	OUT  0x21,R30
                 ; 0002 0070     WDTCR=0x0E;//disable change WDE
0002d9 e0ee      	LDI  R30,LOW(14)
0002da bde1      	OUT  0x21,R30
                 ; 0002 0071 }
0002db 9508      	RET
                 ;
                 ;
                 ;void HardwareInit(void)
                 ; 0002 0075 {
                 _HardwareInit:
                 ; 0002 0076     LEDInit();
0002dc 940e 0292 	CALL _LEDInit_G002
                 ; 0002 0077     ConfigHardware();
0002de 940e 02ab 	CALL _ConfigHardware_G002
                 ; 0002 0078     Output_Init();
0002e0 940e 0323 	CALL _Output_Init
                 ; 0002 0079     PullupRxTx();
0002e2 940e 02d4 	CALL _PullupRxTx_G002
                 ; 0002 007A     Timer0Init();
0002e4 940e 029d 	CALL _Timer0Init_G002
                 ; 0002 007B     Internal_Watchdog_Init();
0002e6 940e 02d7 	CALL _Internal_Watchdog_Init_G002
                 ; 0002 007C     EnableInterrupt();
0002e8 940e 02a8 	CALL _EnableInterrupt
                 ; 0002 007D }
0002ea 9508      	RET
                 ;
                 ;
                 ;void Reset_WDT(void)
                 ; 0002 0081 {
                 _Reset_WDT:
                 ; 0002 0082     //internal WDT
                 ; 0002 0083     #asm("WDR") ;//clear WDT
0002eb 95a8      	WDR
                 ; 0002 0084 }
0002ec 9508      	RET
                 ;
                 ;
                 ;
                 ;
                 ;void putchar0(char c)
                 ; 0002 008A {
                 ; 0002 008B     while(!(UCSR0A & DATA_REGISTER_EMPTY)) {}
                 ;	c -> Y+0
                 ; 0002 008C     UDR0=c;
                 ; 0002 008D }
                 ;
                 ;void putBuffer0(unsigned char *buffer, unsigned char len)
                 ; 0002 0090 {
                 ; 0002 0091     unsigned char i=0;
                 ; 0002 0092     #asm("cli")
                 ;	*buffer -> Y+2
                 ;	len -> Y+1
                 ;	i -> R17
                 ; 0002 0093     for(i=0; i<len;i++)
                 ; 0002 0094     {
                 ; 0002 0095         putchar0(buffer[i]);
                 ; 0002 0096     }
                 ; 0002 0097     #asm("sei")
                 ; 0002 0098 }
                 ;
                 ;
                 ;void putchar1(unsigned char c)
                 ; 0002 009C {
                 ; 0002 009D     while(!(UCSR1A & DATA_REGISTER_EMPTY)) {}
                 ;	c -> Y+0
                 ; 0002 009E     UDR1=c;
                 ; 0002 009F }
                 ;
                 ;void putBuffer1(unsigned char *buffer, unsigned char len)
                 ; 0002 00A2 {
                 ; 0002 00A3     unsigned char i=0;
                 ; 0002 00A4     #asm("cli")
                 ;	*buffer -> Y+2
                 ;	len -> Y+1
                 ;	i -> R17
                 ; 0002 00A5     for(i=0; i<len;i++)
                 ; 0002 00A6     {
                 ; 0002 00A7         putchar1(buffer[i]);
                 ; 0002 00A8     }
                 ; 0002 00A9     #asm("sei")
                 ; 0002 00AA }
                 ;
                 ;
                 ;
                 ;void UART1SendChar(uint8_t c)
                 ; 0002 00AF {
                 ; 0002 00B0     while(!(UCSR1A & DATA_REGISTER_EMPTY)) {}
                 ;	c -> Y+0
                 ; 0002 00B1     UDR1=c;
                 ; 0002 00B2 }
                 ;
                 ;void UART1SendBuffer(uint8_t *buffer, uint16_t len)
                 ; 0002 00B5 {
                 ; 0002 00B6     uint16_t i=0;
                 ; 0002 00B7     #asm("cli")
                 ;	*buffer -> Y+4
                 ;	len -> Y+2
                 ;	i -> R16,R17
                 ; 0002 00B8     for(i=0; i<len;i++)
                 ; 0002 00B9     {
                 ; 0002 00BA         UART1SendChar(buffer[i]);
                 ; 0002 00BB     }
                 ; 0002 00BC     #asm("sei")
                 ; 0002 00BD }
                 ;
                 ;
                 ;void UART0SendChar(uint8_t c)
                 ; 0002 00C1 {
                 _UART0SendChar:
                 ; 0002 00C2     while(!(UCSR0A & DATA_REGISTER_EMPTY)) {}
                 ;	c -> Y+0
                 _0x40027:
0002ed 995d      	SBIC 0xB,5
0002ee c001      	RJMP _0x40029
0002ef cffd      	RJMP _0x40027
                 _0x40029:
                 ; 0002 00C3     UDR0=c;
0002f0 81e8      	LD   R30,Y
0002f1 b9ec      	OUT  0xC,R30
                 ; 0002 00C4 }
0002f2 9621      	ADIW R28,1
0002f3 9508      	RET
                 ;
                 ;void UART0SendBuffer(uint8_t *buffer, uint16_t len)
                 ; 0002 00C7 {
                 _UART0SendBuffer:
                 ; 0002 00C8     uint16_t i=0;
                 ; 0002 00C9     #asm("cli")
0002f4 931a      	ST   -Y,R17
0002f5 930a      	ST   -Y,R16
                 ;	*buffer -> Y+4
                 ;	len -> Y+2
                 ;	i -> R16,R17
                +
0002f6 e000     +LDI R16 , LOW ( 0 )
0002f7 e010     +LDI R17 , HIGH ( 0 )
                 	__GETWRN 16,17,0
0002f8 94f8      	cli
                 ; 0002 00CA     for(i=0; i<len;i++)
                +
0002f9 e000     +LDI R16 , LOW ( 0 )
0002fa e010     +LDI R17 , HIGH ( 0 )
                 	__GETWRN 16,17,0
                 _0x4002B:
0002fb 81ea      	LDD  R30,Y+2
0002fc 81fb      	LDD  R31,Y+2+1
0002fd 170e      	CP   R16,R30
0002fe 071f      	CPC  R17,R31
0002ff f010      	BRLO PC+3
000300 940c 030e 	JMP _0x4002C
                 ; 0002 00CB     {
                 ; 0002 00CC         UART0SendChar(buffer[i]);
000302 01f8      	MOVW R30,R16
000303 81ac      	LDD  R26,Y+4
000304 81bd      	LDD  R27,Y+4+1
000305 0fae      	ADD  R26,R30
000306 1fbf      	ADC  R27,R31
000307 91ec      	LD   R30,X
000308 93ea      	ST   -Y,R30
000309 940e 02ed 	CALL _UART0SendChar
                 ; 0002 00CD     }
                 _0x4002A:
                +
00030b 5f0f     +SUBI R16 , LOW ( - 1 )
00030c 4f1f     +SBCI R17 , HIGH ( - 1 )
                 	__ADDWRN 16,17,1
00030d cfed      	RJMP _0x4002B
                 _0x4002C:
                 ; 0002 00CE     #asm("sei")
00030e 9478      	sei
                 ; 0002 00CF }
00030f 8119      	LDD  R17,Y+1
000310 8108      	LDD  R16,Y+0
000311 9626      	ADIW R28,6
000312 9508      	RET
                 ;
                 ;
                 ;
                 ;#ifdef DBG_SEND
                 ;char log1[LOG_MAX_SIZE];
                 ;uint8_t logLen;
                 ;uint16_t logTime;
                 ;
                 ;void DBG_SendStr(const char* str)
                 ; 0002 00D9 {
                 _DBG_SendStr:
                 ; 0002 00DA 	UART0SendBuffer(str, strlen(str));
                 ;	*str -> Y+0
000313 81e8      	LD   R30,Y
000314 81f9      	LDD  R31,Y+1
000315 93fa      	ST   -Y,R31
000316 93ea      	ST   -Y,R30
000317 81ea      	LDD  R30,Y+2
000318 81fb      	LDD  R31,Y+2+1
000319 93fa      	ST   -Y,R31
00031a 93ea      	ST   -Y,R30
00031b 940e 0588 	CALL _strlen
00031d 93fa      	ST   -Y,R31
00031e 93ea      	ST   -Y,R30
00031f 940e 02f4 	CALL _UART0SendBuffer
                 ; 0002 00DB }
000321 9622      	ADIW R28,2
000322 9508      	RET
                 ;
                 ;void DBG_SendBuffer(const uint8_t *buf, const uint16_t len)
                 ; 0002 00DE {
                 ; 0002 00DF     UART0SendBuffer(buf, len);
                 ;	*buf -> Y+2
                 ;	len -> Y+0
                 ; 0002 00E0 }
                 ;
                 ;void ConvertHexToStr(uint8_t* ch, uint8_t hex)
                 ; 0002 00E3 {
                 ; 0002 00E4 	if (9 >= (hex>>4))
                 ;	*ch -> Y+1
                 ;	hex -> Y+0
                 ; 0002 00E5 	{
                 ; 0002 00E6 		ch[0] = (hex>>4) + 0x30;
                 ; 0002 00E7 	}
                 ; 0002 00E8 	else
                 ; 0002 00E9 	{
                 ; 0002 00EA 		ch[0] = (hex>>4) + 0x37;
                 ; 0002 00EB 	}
                 ; 0002 00EC 	if (9 >= (0x0F & hex))
                 ; 0002 00ED 	{
                 ; 0002 00EE 		ch[1] = (0x0F & hex) + 0x30;
                 ; 0002 00EF 	}
                 ; 0002 00F0 	else
                 ; 0002 00F1 	{
                 ; 0002 00F2 		ch[1] = (0x0F & hex) + 0x37;
                 ; 0002 00F3 	}
                 ; 0002 00F4 }
                 ;
                 ;static void UART_SendStr(const char* str)
                 ; 0002 00F7 {
                 ; 0002 00F8     UART0SendBuffer(str, strlen(str));
                 ;	*str -> Y+0
                 ; 0002 00F9 }
                 ;
                 ;static void UART_SendBuf(const uint8_t* buf, const uint16_t len)
                 ; 0002 00FC {
                 ; 0002 00FD     UART0SendBuffer(buf, len);
                 ;	*buf -> Y+2
                 ;	len -> Y+0
                 ; 0002 00FE }
                 ;void DBG_SendHexToStr(const uint8_t* buf, const uint16_t len)
                 ; 0002 0100 {
                 ; 0002 0101     uint16_t i;
                 ; 0002 0102 	uint8_t str[3] = {0,0,0x20};//0x20:space
                 ; 0002 0103 	UART_SendStr("\nHEX[ ");
                 ;	*buf -> Y+7
                 ;	len -> Y+5
                 ;	i -> R16,R17
                 ;	str -> Y+2
                 ; 0002 0104 
                 ; 0002 0105 	for (i = 0; i < len; i++)
                 ; 0002 0106 	{
                 ; 0002 0107 		ConvertHexToStr(str, buf[i]);
                 ; 0002 0108 		if ((len - 1) == i)
                 ; 0002 0109 		{
                 ; 0002 010A 			UART_SendBuf(str, sizeof(str) - 1);
                 ; 0002 010B 			break;
                 ; 0002 010C 		}
                 ; 0002 010D 		UART_SendBuf(str, sizeof(str));
                 ; 0002 010E 	}
                 ; 0002 010F 	UART_SendStr(" ]ENDHEX\n");
                 ; 0002 0110 }
                 
                 	.DSEG
                 _0x40031:
000519           	.BYTE 0x11
                 ;#endif
                 ;
                 ;void Output_Init(void)
                 ; 0002 0114 {
                 
                 	.CSEG
                 _Output_Init:
                 ; 0002 0115     DDRB.3 = 1;//SDO/6/out0
000323 9abb      	SBI  0x17,3
                 ; 0002 0116     DDRB.2 = 1;//SDI/7/out1
000324 9aba      	SBI  0x17,2
                 ; 0002 0117     DDRB.1 = 1;//SCLK/8/out2
000325 9ab9      	SBI  0x17,1
                 ; 0002 0118     DDRB.0 = 1;//NSEL/9/out0
000326 9ab8      	SBI  0x17,0
                 ; 0002 0119     PORTB.3 = 1;
000327 9ac3      	SBI  0x18,3
                 ; 0002 011A     PORTB.2 = 1;
000328 9ac2      	SBI  0x18,2
                 ; 0002 011B     PORTB.1 = 1;
000329 9ac1      	SBI  0x18,1
                 ; 0002 011C     PORTB.0 = 1;
00032a 9ac0      	SBI  0x18,0
                 ; 0002 011D }
00032b 9508      	RET
                 ;
                 ;void OutputRun(uint8_t seq, BOOL on_off)
                 ; 0002 0120 {
                 _OutputRun:
                 ; 0002 0121     if (0 == seq)
                 ;	seq -> Y+1
                 ;	on_off -> Y+0
00032c 81e9      	LDD  R30,Y+1
00032d 30e0      	CPI  R30,0
00032e f011      	BREQ PC+3
00032f 940c 033a 	JMP _0x40046
                 ; 0002 0122     {
                 ; 0002 0123         if (TRUE == on_off)
000331 81e8      	LD   R30,Y
000332 30e1      	CPI  R30,LOW(0x1)
000333 f011      	BREQ PC+3
000334 940c 0338 	JMP _0x40047
                 ; 0002 0124         {
                 ; 0002 0125             PORTB.3 = 0;
000336 98c3      	CBI  0x18,3
                 ; 0002 0126         }
                 ; 0002 0127         else
000337 c001      	RJMP _0x4004A
                 _0x40047:
                 ; 0002 0128         {
                 ; 0002 0129             PORTB.3 = 1;
000338 9ac3      	SBI  0x18,3
                 ; 0002 012A         }
                 _0x4004A:
                 ; 0002 012B     }
                 ; 0002 012C     else if (1 == seq)
000339 c01b      	RJMP _0x4004D
                 _0x40046:
00033a 81e9      	LDD  R30,Y+1
00033b 30e1      	CPI  R30,LOW(0x1)
00033c f011      	BREQ PC+3
00033d 940c 0348 	JMP _0x4004E
                 ; 0002 012D     {
                 ; 0002 012E         if (TRUE == on_off)
00033f 81e8      	LD   R30,Y
000340 30e1      	CPI  R30,LOW(0x1)
000341 f011      	BREQ PC+3
000342 940c 0346 	JMP _0x4004F
                 ; 0002 012F         {
                 ; 0002 0130             PORTB.2 = 0;
000344 98c2      	CBI  0x18,2
                 ; 0002 0131         }
                 ; 0002 0132         else
000345 c001      	RJMP _0x40052
                 _0x4004F:
                 ; 0002 0133         {
                 ; 0002 0134             PORTB.2 = 1;
000346 9ac2      	SBI  0x18,2
                 ; 0002 0135         }
                 _0x40052:
                 ; 0002 0136     }
                 ; 0002 0137     else if (2 == seq)
000347 c00d      	RJMP _0x40055
                 _0x4004E:
000348 81e9      	LDD  R30,Y+1
000349 30e2      	CPI  R30,LOW(0x2)
00034a f011      	BREQ PC+3
00034b 940c 0355 	JMP _0x40056
                 ; 0002 0138     {
                 ; 0002 0139         if (TRUE == on_off)
00034d 81e8      	LD   R30,Y
00034e 30e1      	CPI  R30,LOW(0x1)
00034f f011      	BREQ PC+3
000350 940c 0354 	JMP _0x40057
                 ; 0002 013A         {
                 ; 0002 013B             PORTB.1 = 0;
000352 98c1      	CBI  0x18,1
                 ; 0002 013C         }
                 ; 0002 013D         else
000353 c001      	RJMP _0x4005A
                 _0x40057:
                 ; 0002 013E         {
                 ; 0002 013F             PORTB.1 = 1;
000354 9ac1      	SBI  0x18,1
                 ; 0002 0140         }
                 _0x4005A:
                 ; 0002 0141     }
                 ; 0002 0142 }
                 _0x40056:
                 _0x40055:
                 _0x4004D:
000355 9622      	ADIW R28,2
000356 9508      	RET
                 	#ifndef __SLEEP_DEFINED__
                 	#endif
                 
                 	.CSEG
                 _put_buff_G100:
000357 931a      	ST   -Y,R17
000358 930a      	ST   -Y,R16
000359 81aa      	LDD  R26,Y+2
00035a 81bb      	LDD  R27,Y+2+1
00035b 9612      	ADIW R26,2
00035c 940e 0677 	CALL __GETW1P
00035e 9730      	SBIW R30,0
00035f f411      	BRNE PC+3
000360 940c 0394 	JMP _0x2000010
000362 81aa      	LDD  R26,Y+2
000363 81bb      	LDD  R27,Y+2+1
000364 9614      	ADIW R26,4
000365 940e 0677 	CALL __GETW1P
000367 018f      	MOVW R16,R30
000368 9730      	SBIW R30,0
000369 f011      	BREQ PC+3
00036a 940c 036d 	JMP _0x2000011
00036c c00e      	RJMP _0x2000012
                 _0x2000011:
                +
00036d 3002     +CPI R16 , LOW ( 2 )
00036e e0e0     +LDI R30 , HIGH ( 2 )
00036f 071e     +CPC R17 , R30
                 	__CPWRN 16,17,2
000370 f410      	BRSH PC+3
000371 940c 0393 	JMP _0x2000013
000373 01f8      	MOVW R30,R16
000374 9731      	SBIW R30,1
000375 018f      	MOVW R16,R30
                +
000376 81aa     +LDD R26 , Y + 2
000377 81bb     +LDD R27 , Y + 2 + 1
000378 9614     +ADIW R26 , 4
000379 93ed     +ST X + , R30
00037a 93fc     +ST X , R31
                 	__PUTW1SNS 2,4
                 _0x2000012:
00037b 81aa      	LDD  R26,Y+2
00037c 81bb      	LDD  R27,Y+2+1
00037d 9612      	ADIW R26,2
00037e 91ed      	LD   R30,X+
00037f 91fd      	LD   R31,X+
000380 9631      	ADIW R30,1
000381 93fe      	ST   -X,R31
000382 93ee      	ST   -X,R30
000383 9731      	SBIW R30,1
000384 81ac      	LDD  R26,Y+4
000385 83a0      	STD  Z+0,R26
000386 81aa      	LDD  R26,Y+2
000387 81bb      	LDD  R27,Y+2+1
000388 940e 0677 	CALL __GETW1P
00038a 23ff      	TST  R31
00038b f412      	BRPL PC+3
00038c 940c 0393 	JMP _0x2000014
00038e 91ed      	LD   R30,X+
00038f 91fd      	LD   R31,X+
000390 9631      	ADIW R30,1
000391 93fe      	ST   -X,R31
000392 93ee      	ST   -X,R30
                 _0x2000014:
                 _0x2000013:
000393 c006      	RJMP _0x2000015
                 _0x2000010:
000394 81aa      	LDD  R26,Y+2
000395 81bb      	LDD  R27,Y+2+1
000396 efef      	LDI  R30,LOW(65535)
000397 efff      	LDI  R31,HIGH(65535)
000398 93ed      	ST   X+,R30
000399 93fc      	ST   X,R31
                 _0x2000015:
00039a 8119      	LDD  R17,Y+1
00039b 8108      	LDD  R16,Y+0
00039c 9625      	ADIW R28,5
00039d 9508      	RET
                 __print_G100:
00039e 9726      	SBIW R28,6
00039f 940e 06a3 	CALL __SAVELOCR6
0003a1 e010      	LDI  R17,0
0003a2 85ac      	LDD  R26,Y+12
0003a3 85bd      	LDD  R27,Y+12+1
0003a4 e0e0      	LDI  R30,LOW(0)
0003a5 e0f0      	LDI  R31,HIGH(0)
0003a6 93ed      	ST   X+,R30
0003a7 93fc      	ST   X,R31
                 _0x2000016:
0003a8 89ea      	LDD  R30,Y+18
0003a9 89fb      	LDD  R31,Y+18+1
0003aa 9631      	ADIW R30,1
0003ab 8bea      	STD  Y+18,R30
0003ac 8bfb      	STD  Y+18+1,R31
0003ad 9731      	SBIW R30,1
0003ae 91e4      	LPM  R30,Z
0003af 2f2e      	MOV  R18,R30
0003b0 30e0      	CPI  R30,0
0003b1 f411      	BRNE PC+3
0003b2 940c 0516 	JMP _0x2000018
0003b4 2fe1      	MOV  R30,R17
0003b5 30e0      	CPI  R30,0
0003b6 f011      	BREQ PC+3
0003b7 940c 03c2 	JMP _0x200001C
0003b9 3225      	CPI  R18,37
0003ba f011      	BREQ PC+3
0003bb 940c 03bf 	JMP _0x200001D
0003bd e011      	LDI  R17,LOW(1)
0003be c002      	RJMP _0x200001E
                 _0x200001D:
0003bf 940e 0600 	CALL SUBOPT_0x10
                 _0x200001E:
0003c1 c153      	RJMP _0x200001B
                 _0x200001C:
0003c2 30e1      	CPI  R30,LOW(0x1)
0003c3 f011      	BREQ PC+3
0003c4 940c 03e4 	JMP _0x200001F
0003c6 3225      	CPI  R18,37
0003c7 f011      	BREQ PC+3
0003c8 940c 03ce 	JMP _0x2000020
0003ca 940e 0600 	CALL SUBOPT_0x10
0003cc e010      	LDI  R17,LOW(0)
0003cd c147      	RJMP _0x200001B
                 _0x2000020:
0003ce e012      	LDI  R17,LOW(2)
0003cf e040      	LDI  R20,LOW(0)
0003d0 e000      	LDI  R16,LOW(0)
0003d1 322d      	CPI  R18,45
0003d2 f011      	BREQ PC+3
0003d3 940c 03d7 	JMP _0x2000021
0003d5 e001      	LDI  R16,LOW(1)
0003d6 c13e      	RJMP _0x200001B
                 _0x2000021:
0003d7 322b      	CPI  R18,43
0003d8 f011      	BREQ PC+3
0003d9 940c 03dd 	JMP _0x2000022
0003db e24b      	LDI  R20,LOW(43)
0003dc c138      	RJMP _0x200001B
                 _0x2000022:
0003dd 3220      	CPI  R18,32
0003de f011      	BREQ PC+3
0003df 940c 03e3 	JMP _0x2000023
0003e1 e240      	LDI  R20,LOW(32)
0003e2 c132      	RJMP _0x200001B
                 _0x2000023:
0003e3 c004      	RJMP _0x2000024
                 _0x200001F:
0003e4 30e2      	CPI  R30,LOW(0x2)
0003e5 f011      	BREQ PC+3
0003e6 940c 03f1 	JMP _0x2000025
                 _0x2000024:
0003e8 e050      	LDI  R21,LOW(0)
0003e9 e013      	LDI  R17,LOW(3)
0003ea 3320      	CPI  R18,48
0003eb f011      	BREQ PC+3
0003ec 940c 03f0 	JMP _0x2000026
0003ee 6800      	ORI  R16,LOW(128)
0003ef c125      	RJMP _0x200001B
                 _0x2000026:
0003f0 c004      	RJMP _0x2000027
                 _0x2000025:
0003f1 30e3      	CPI  R30,LOW(0x3)
0003f2 f011      	BREQ PC+3
0003f3 940c 0515 	JMP _0x200001B
                 _0x2000027:
0003f5 3320      	CPI  R18,48
0003f6 f410      	BRSH PC+3
0003f7 940c 03fe 	JMP _0x200002A
0003f9 332a      	CPI  R18,58
0003fa f010      	BRLO PC+3
0003fb 940c 03fe 	JMP _0x200002A
0003fd c001      	RJMP _0x200002B
                 _0x200002A:
0003fe c007      	RJMP _0x2000029
                 _0x200002B:
0003ff e0aa      	LDI  R26,LOW(10)
000400 9f5a      	MUL  R21,R26
000401 2d50      	MOV  R21,R0
000402 2fe2      	MOV  R30,R18
000403 53e0      	SUBI R30,LOW(48)
000404 0f5e      	ADD  R21,R30
000405 c10f      	RJMP _0x200001B
                 _0x2000029:
000406 2fe2      	MOV  R30,R18
000407 36e3      	CPI  R30,LOW(0x63)
000408 f011      	BREQ PC+3
000409 940c 0415 	JMP _0x200002F
00040b 940e 0609 	CALL SUBOPT_0x11
00040d 89e8      	LDD  R30,Y+16
00040e 89f9      	LDD  R31,Y+16+1
00040f 81a4      	LDD  R26,Z+4
000410 93aa      	ST   -Y,R26
000411 940e 060f 	CALL SUBOPT_0x12
000413 c100      	RJMP _0x2000030
000414 c004      	RJMP _0x2000031
                 _0x200002F:
000415 37e3      	CPI  R30,LOW(0x73)
000416 f011      	BREQ PC+3
000417 940c 0422 	JMP _0x2000032
                 _0x2000031:
000419 940e 0609 	CALL SUBOPT_0x11
00041b 940e 0617 	CALL SUBOPT_0x13
00041d 940e 0588 	CALL _strlen
00041f 2f1e      	MOV  R17,R30
000420 c00d      	RJMP _0x2000033
000421 c004      	RJMP _0x2000034
                 _0x2000032:
000422 37e0      	CPI  R30,LOW(0x70)
000423 f011      	BREQ PC+3
000424 940c 0433 	JMP _0x2000035
                 _0x2000034:
000426 940e 0609 	CALL SUBOPT_0x11
000428 940e 0617 	CALL SUBOPT_0x13
00042a 940e 0592 	CALL _strlenf
00042c 2f1e      	MOV  R17,R30
00042d 6008      	ORI  R16,LOW(8)
                 _0x2000033:
00042e 6002      	ORI  R16,LOW(2)
00042f 770f      	ANDI R16,LOW(127)
000430 e030      	LDI  R19,LOW(0)
000431 c044      	RJMP _0x2000036
000432 c004      	RJMP _0x2000037
                 _0x2000035:
000433 36e4      	CPI  R30,LOW(0x64)
000434 f011      	BREQ PC+3
000435 940c 0438 	JMP _0x2000038
                 _0x2000037:
000437 c004      	RJMP _0x2000039
                 _0x2000038:
000438 36e9      	CPI  R30,LOW(0x69)
000439 f011      	BREQ PC+3
00043a 940c 043e 	JMP _0x200003A
                 _0x2000039:
00043c 6004      	ORI  R16,LOW(4)
00043d c004      	RJMP _0x200003B
                 _0x200003A:
00043e 37e5      	CPI  R30,LOW(0x75)
00043f f011      	BREQ PC+3
000440 940c 0449 	JMP _0x200003C
                 _0x200003B:
000442 e8ec      	LDI  R30,LOW(_tbl10_G100*2)
000443 e0f0      	LDI  R31,HIGH(_tbl10_G100*2)
000444 83ee      	STD  Y+6,R30
000445 83ff      	STD  Y+6+1,R31
000446 e015      	LDI  R17,LOW(5)
000447 c010      	RJMP _0x200003D
000448 c004      	RJMP _0x200003E
                 _0x200003C:
000449 35e8      	CPI  R30,LOW(0x58)
00044a f011      	BREQ PC+3
00044b 940c 044f 	JMP _0x200003F
                 _0x200003E:
00044d 6008      	ORI  R16,LOW(8)
00044e c004      	RJMP _0x2000040
                 _0x200003F:
00044f 37e8      	CPI  R30,LOW(0x78)
000450 f011      	BREQ PC+3
000451 940c 0514 	JMP _0x2000071
                 _0x2000040:
000453 e9e6      	LDI  R30,LOW(_tbl16_G100*2)
000454 e0f0      	LDI  R31,HIGH(_tbl16_G100*2)
000455 83ee      	STD  Y+6,R30
000456 83ff      	STD  Y+6+1,R31
000457 e014      	LDI  R17,LOW(4)
                 _0x200003D:
000458 ff02      	SBRS R16,2
000459 c018      	RJMP _0x2000042
00045a 940e 0609 	CALL SUBOPT_0x11
00045c 940e 0621 	CALL SUBOPT_0x14
00045e 85ab      	LDD  R26,Y+11
00045f 23aa      	TST  R26
000460 f012      	BRMI PC+3
000461 940c 046a 	JMP _0x2000043
000463 85ea      	LDD  R30,Y+10
000464 85fb      	LDD  R31,Y+10+1
000465 940e 064e 	CALL __ANEGW1
000467 87ea      	STD  Y+10,R30
000468 87fb      	STD  Y+10+1,R31
000469 e24d      	LDI  R20,LOW(45)
                 _0x2000043:
00046a 3040      	CPI  R20,0
00046b f411      	BRNE PC+3
00046c 940c 0470 	JMP _0x2000044
00046e 5f1f      	SUBI R17,-LOW(1)
00046f c001      	RJMP _0x2000045
                 _0x2000044:
000470 7f0b      	ANDI R16,LOW(251)
                 _0x2000045:
000471 c004      	RJMP _0x2000046
                 _0x2000042:
000472 940e 0609 	CALL SUBOPT_0x11
000474 940e 0621 	CALL SUBOPT_0x14
                 _0x2000046:
                 _0x2000036:
000476 fd00      	SBRC R16,0
000477 c013      	RJMP _0x2000047
                 _0x2000048:
000478 1715      	CP   R17,R21
000479 f010      	BRLO PC+3
00047a 940c 048b 	JMP _0x200004A
00047c ff07      	SBRS R16,7
00047d c008      	RJMP _0x200004B
00047e ff02      	SBRS R16,2
00047f c004      	RJMP _0x200004C
000480 7f0b      	ANDI R16,LOW(251)
000481 2f24      	MOV  R18,R20
000482 5011      	SUBI R17,LOW(1)
000483 c001      	RJMP _0x200004D
                 _0x200004C:
000484 e320      	LDI  R18,LOW(48)
                 _0x200004D:
000485 c001      	RJMP _0x200004E
                 _0x200004B:
000486 e220      	LDI  R18,LOW(32)
                 _0x200004E:
000487 940e 0600 	CALL SUBOPT_0x10
000489 5051      	SUBI R21,LOW(1)
00048a cfed      	RJMP _0x2000048
                 _0x200004A:
                 _0x2000047:
00048b 2f31      	MOV  R19,R17
00048c ff01      	SBRS R16,1
00048d c01b      	RJMP _0x200004F
                 _0x2000050:
00048e 3030      	CPI  R19,0
00048f f411      	BRNE PC+3
000490 940c 04a8 	JMP _0x2000052
000492 ff03      	SBRS R16,3
000493 c006      	RJMP _0x2000053
000494 81ee      	LDD  R30,Y+6
000495 81ff      	LDD  R31,Y+6+1
000496 9125      	LPM  R18,Z+
000497 83ee      	STD  Y+6,R30
000498 83ff      	STD  Y+6+1,R31
000499 c005      	RJMP _0x2000054
                 _0x2000053:
00049a 81ae      	LDD  R26,Y+6
00049b 81bf      	LDD  R27,Y+6+1
00049c 912d      	LD   R18,X+
00049d 83ae      	STD  Y+6,R26
00049e 83bf      	STD  Y+6+1,R27
                 _0x2000054:
00049f 940e 0600 	CALL SUBOPT_0x10
0004a1 3050      	CPI  R21,0
0004a2 f411      	BRNE PC+3
0004a3 940c 04a6 	JMP _0x2000055
0004a5 5051      	SUBI R21,LOW(1)
                 _0x2000055:
0004a6 5031      	SUBI R19,LOW(1)
0004a7 cfe6      	RJMP _0x2000050
                 _0x2000052:
0004a8 c05f      	RJMP _0x2000056
                 _0x200004F:
                 _0x2000058:
0004a9 e320      	LDI  R18,LOW(48)
0004aa 81ee      	LDD  R30,Y+6
0004ab 81ff      	LDD  R31,Y+6+1
0004ac 940e 0690 	CALL __GETW1PF
0004ae 87e8      	STD  Y+8,R30
0004af 87f9      	STD  Y+8+1,R31
0004b0 81ee      	LDD  R30,Y+6
0004b1 81ff      	LDD  R31,Y+6+1
0004b2 9632      	ADIW R30,2
0004b3 83ee      	STD  Y+6,R30
0004b4 83ff      	STD  Y+6+1,R31
                 _0x200005A:
0004b5 85e8      	LDD  R30,Y+8
0004b6 85f9      	LDD  R31,Y+8+1
0004b7 85aa      	LDD  R26,Y+10
0004b8 85bb      	LDD  R27,Y+10+1
0004b9 17ae      	CP   R26,R30
0004ba 07bf      	CPC  R27,R31
0004bb f410      	BRSH PC+3
0004bc 940c 04c8 	JMP _0x200005C
0004be 5f2f      	SUBI R18,-LOW(1)
0004bf 85a8      	LDD  R26,Y+8
0004c0 85b9      	LDD  R27,Y+8+1
0004c1 85ea      	LDD  R30,Y+10
0004c2 85fb      	LDD  R31,Y+10+1
0004c3 1bea      	SUB  R30,R26
0004c4 0bfb      	SBC  R31,R27
0004c5 87ea      	STD  Y+10,R30
0004c6 87fb      	STD  Y+10+1,R31
0004c7 cfed      	RJMP _0x200005A
                 _0x200005C:
0004c8 332a      	CPI  R18,58
0004c9 f410      	BRSH PC+3
0004ca 940c 04d1 	JMP _0x200005D
0004cc ff03      	SBRS R16,3
0004cd c002      	RJMP _0x200005E
0004ce 5f29      	SUBI R18,-LOW(7)
0004cf c001      	RJMP _0x200005F
                 _0x200005E:
0004d0 5d29      	SUBI R18,-LOW(39)
                 _0x200005F:
                 _0x200005D:
0004d1 ff04      	SBRS R16,4
0004d2 c001      	RJMP _0x2000060
0004d3 c025      	RJMP _0x2000061
                 _0x2000060:
0004d4 3321      	CPI  R18,49
0004d5 f010      	BRLO PC+3
0004d6 940c 04df 	JMP _0x2000063
0004d8 85a8      	LDD  R26,Y+8
0004d9 85b9      	LDD  R27,Y+8+1
0004da 9711      	SBIW R26,1
0004db f411      	BRNE PC+3
0004dc 940c 04df 	JMP _0x2000063
0004de c002      	RJMP _0x2000062
                 _0x2000063:
0004df 6100      	ORI  R16,LOW(16)
0004e0 c00d      	RJMP _0x2000065
                 _0x2000062:
0004e1 1753      	CP   R21,R19
0004e2 f410      	BRSH PC+3
0004e3 940c 04e8 	JMP _0x2000067
0004e5 fd00      	SBRC R16,0
0004e6 c001      	RJMP _0x2000067
0004e7 c001      	RJMP _0x2000068
                 _0x2000067:
0004e8 c017      	RJMP _0x2000066
                 _0x2000068:
0004e9 e220      	LDI  R18,LOW(32)
0004ea ff07      	SBRS R16,7
0004eb c00d      	RJMP _0x2000069
0004ec e320      	LDI  R18,LOW(48)
0004ed 6100      	ORI  R16,LOW(16)
                 _0x2000065:
0004ee ff02      	SBRS R16,2
0004ef c009      	RJMP _0x200006A
0004f0 7f0b      	ANDI R16,LOW(251)
0004f1 934a      	ST   -Y,R20
0004f2 940e 060f 	CALL SUBOPT_0x12
0004f4 3050      	CPI  R21,0
0004f5 f411      	BRNE PC+3
0004f6 940c 04f9 	JMP _0x200006B
0004f8 5051      	SUBI R21,LOW(1)
                 _0x200006B:
                 _0x200006A:
                 _0x2000069:
                 _0x2000061:
0004f9 940e 0600 	CALL SUBOPT_0x10
0004fb 3050      	CPI  R21,0
0004fc f411      	BRNE PC+3
0004fd 940c 0500 	JMP _0x200006C
0004ff 5051      	SUBI R21,LOW(1)
                 _0x200006C:
                 _0x2000066:
000500 5031      	SUBI R19,LOW(1)
                 _0x2000057:
000501 85a8      	LDD  R26,Y+8
000502 85b9      	LDD  R27,Y+8+1
000503 9712      	SBIW R26,2
000504 f410      	BRSH PC+3
000505 940c 0508 	JMP _0x2000059
000507 cfa1      	RJMP _0x2000058
                 _0x2000059:
                 _0x2000056:
000508 ff00      	SBRS R16,0
000509 c00a      	RJMP _0x200006D
                 _0x200006E:
00050a 3050      	CPI  R21,0
00050b f411      	BRNE PC+3
00050c 940c 0514 	JMP _0x2000070
00050e 5051      	SUBI R21,LOW(1)
00050f e2e0      	LDI  R30,LOW(32)
000510 93ea      	ST   -Y,R30
000511 940e 060f 	CALL SUBOPT_0x12
000513 cff6      	RJMP _0x200006E
                 _0x2000070:
                 _0x200006D:
                 _0x2000071:
                 _0x2000030:
000514 e010      	LDI  R17,LOW(0)
                 _0x200002E:
                 _0x200001B:
000515 ce92      	RJMP _0x2000016
                 _0x2000018:
000516 85ac      	LDD  R26,Y+12
000517 85bd      	LDD  R27,Y+12+1
000518 940e 0677 	CALL __GETW1P
00051a 940e 06aa 	CALL __LOADLOCR6
00051c 9664      	ADIW R28,20
00051d 9508      	RET
                 _sprintf:
00051e 92ff      	PUSH R15
00051f 2ef8      	MOV  R15,R24
000520 9726      	SBIW R28,6
000521 940e 06a5 	CALL __SAVELOCR4
000523 940e 0629 	CALL SUBOPT_0x15
000525 9730      	SBIW R30,0
000526 f011      	BREQ PC+3
000527 940c 0530 	JMP _0x2000072
000529 efef      	LDI  R30,LOW(65535)
00052a efff      	LDI  R31,HIGH(65535)
00052b 940e 06ac 	CALL __LOADLOCR4
00052d 962a      	ADIW R28,10
00052e 90ff      	POP  R15
00052f 9508      	RET
                 _0x2000072:
000530 01de      	MOVW R26,R28
000531 9616      	ADIW R26,6
000532 940e 0645 	CALL __ADDW2R15
000534 018d      	MOVW R16,R26
000535 940e 0629 	CALL SUBOPT_0x15
000537 83ee      	STD  Y+6,R30
000538 83ff      	STD  Y+6+1,R31
000539 e0e0      	LDI  R30,LOW(0)
00053a 87e8      	STD  Y+8,R30
00053b 87e9      	STD  Y+8+1,R30
00053c 01de      	MOVW R26,R28
00053d 961a      	ADIW R26,10
00053e 940e 0645 	CALL __ADDW2R15
000540 940e 0677 	CALL __GETW1P
000542 93fa      	ST   -Y,R31
000543 93ea      	ST   -Y,R30
000544 931a      	ST   -Y,R17
000545 930a      	ST   -Y,R16
000546 e5e7      	LDI  R30,LOW(_put_buff_G100)
000547 e0f3      	LDI  R31,HIGH(_put_buff_G100)
000548 93fa      	ST   -Y,R31
000549 93ea      	ST   -Y,R30
00054a 01fe      	MOVW R30,R28
00054b 963a      	ADIW R30,10
00054c 93fa      	ST   -Y,R31
00054d 93ea      	ST   -Y,R30
00054e 940e 039e 	CALL __print_G100
000550 019f      	MOVW R18,R30
000551 81ae      	LDD  R26,Y+6
000552 81bf      	LDD  R27,Y+6+1
000553 e0e0      	LDI  R30,LOW(0)
000554 93ec      	ST   X,R30
000555 01f9      	MOVW R30,R18
000556 940e 06ac 	CALL __LOADLOCR4
000558 962a      	ADIW R28,10
000559 90ff      	POP  R15
00055a 9508      	RET
                 
                 	.CSEG
                 
                 	.DSEG
                 
                 	.CSEG
                 _srand:
00055b 81e8      	LD   R30,Y
00055c 81f9      	LDD  R31,Y+1
00055d 940e 0652 	CALL __CWD1
00055f 940e 0630 	CALL SUBOPT_0x16
000561 9622      	ADIW R28,2
000562 9508      	RET
                 _rand:
000563 91e0 0623 	LDS  R30,__seed_G101
000565 91f0 0624 	LDS  R31,__seed_G101+1
000567 9160 0625 	LDS  R22,__seed_G101+2
000569 9170 0626 	LDS  R23,__seed_G101+3
                +
00056b e6ad     +LDI R26 , LOW ( 0x41C64E6D )
00056c e4be     +LDI R27 , HIGH ( 0x41C64E6D )
00056d ec86     +LDI R24 , BYTE3 ( 0x41C64E6D )
00056e e491     +LDI R25 , BYTE4 ( 0x41C64E6D )
                 	__GETD2N 0x41C64E6D
00056f 940e 0657 	CALL __MULD12U
                +
000571 59ee     +SUBI R30 , LOW ( - 30562 )
000572 48f8     +SBCI R31 , HIGH ( - 30562 )
000573 4f6f     +SBCI R22 , BYTE3 ( - 30562 )
000574 4f7f     +SBCI R23 , BYTE4 ( - 30562 )
                 	__ADDD1N 30562
000575 940e 0630 	CALL SUBOPT_0x16
000577 01fb      	movw r30,r22
000578 77ff      	andi r31,0x7F
000579 9508      	RET
                 
                 	.CSEG
                 
                 	.CSEG
                 _memset:
00057a 81b9          ldd  r27,y+1
00057b 81a8          ld   r26,y
00057c 9610          adiw r26,0
00057d f031          breq memset1
00057e 81fc          ldd  r31,y+4
00057f 81eb          ldd  r30,y+3
000580 816a          ldd  r22,y+2
                 memset0:
000581 9361          st   z+,r22
000582 9711          sbiw r26,1
000583 f7e9          brne memset0
                 memset1:
000584 81eb          ldd  r30,y+3
000585 81fc          ldd  r31,y+4
000586 9625      	ADIW R28,5
000587 9508      	RET
                 _strlen:
000588 91a9          ld   r26,y+
000589 91b9          ld   r27,y+
00058a 27ee          clr  r30
00058b 27ff          clr  r31
                 strlen0:
00058c 916d          ld   r22,x+
00058d 2366          tst  r22
00058e f011          breq strlen1
00058f 9631          adiw r30,1
000590 cffb          rjmp strlen0
                 strlen1:
000591 9508          ret
                 _strlenf:
000592 27aa          clr  r26
000593 27bb          clr  r27
000594 91e9          ld   r30,y+
000595 91f9          ld   r31,y+
                 strlenf0:
000596 9005      	lpm  r0,z+
000597 2000          tst  r0
000598 f011          breq strlenf1
000599 9611          adiw r26,1
00059a cffb          rjmp strlenf0
                 strlenf1:
00059b 01fd          movw r30,r26
00059c 9508          ret
                 
                 	.CSEG
                 
                 	.DSEG
                 _log1:
00052a           	.BYTE 0xC8
                 _logLen:
0005f2           	.BYTE 0x1
                 _HHU_ID1:
0005f3           	.BYTE 0x1
                 _HHU_ID0:
0005f4           	.BYTE 0x1
                 _Speed_Random:
0005f5           	.BYTE 0x4
                 _Output:
0005f9           	.BYTE 0x2A
                 __seed_G101:
000623           	.BYTE 0x4
                 
                 	.CSEG
                 ;OPTIMIZER ADDED SUBROUTINE, CALLED 4 TIMES, CODE SIZE REDUCTION:6 WORDS
                 SUBOPT_0x0:
00059d e0ae      	LDI  R26,LOW(14)
00059e 9f1a      	MUL  R17,R26
00059f 01f0      	MOVW R30,R0
                +
0005a0 5feb     +SUBI R30 , LOW ( - _Output - ( 12 ) )
0005a1 4ff9     +SBCI R31 , HIGH ( - _Output - ( 12 ) )
                 	__ADDW1MN _Output,12
0005a2 9508      	RET
                 
                 ;OPTIMIZER ADDED SUBROUTINE, CALLED 4 TIMES, CODE SIZE REDUCTION:6 WORDS
                 SUBOPT_0x1:
0005a3 e0ae      	LDI  R26,LOW(14)
0005a4 9f1a      	MUL  R17,R26
0005a5 01f0      	MOVW R30,R0
0005a6 50e7      	SUBI R30,LOW(-_Output)
0005a7 4ffa      	SBCI R31,HIGH(-_Output)
0005a8 9508      	RET
                 
                 ;OPTIMIZER ADDED SUBROUTINE, CALLED 2 TIMES, CODE SIZE REDUCTION:1 WORDS
                 SUBOPT_0x2:
0005a9 e0ae      	LDI  R26,LOW(14)
0005aa 9f1a      	MUL  R17,R26
0005ab 01f0      	MOVW R30,R0
                +
0005ac 50e3     +SUBI R30 , LOW ( - _Output - ( 4 ) )
0005ad 4ffa     +SBCI R31 , HIGH ( - _Output - ( 4 ) )
                 	__ADDW1MN _Output,4
0005ae 01df      	MOVW R26,R30
0005af 9508      	RET
                 
                 ;OPTIMIZER ADDED SUBROUTINE, CALLED 4 TIMES, CODE SIZE REDUCTION:24 WORDS
                 SUBOPT_0x3:
0005b0 940e 0681 	CALL __GETD1P_INC
                +
0005b2 5fef     +SUBI R30 , LOW ( - 1 )
0005b3 4fff     +SBCI R31 , HIGH ( - 1 )
0005b4 4f6f     +SBCI R22 , BYTE3 ( - 1 )
0005b5 4f7f     +SBCI R23 , BYTE4 ( - 1 )
                 	__SUBD1N -1
0005b6 940e 068b 	CALL __PUTDP1_DEC
0005b8 9731      	SBIW R30,1
0005b9 4060      	SBCI R22,0
0005ba 4070      	SBCI R23,0
0005bb 9508      	RET
                 
                 ;OPTIMIZER ADDED SUBROUTINE, CALLED 3 TIMES, CODE SIZE REDUCTION:1 WORDS
                 SUBOPT_0x4:
0005bc e0e1      	LDI  R30,LOW(1)
0005bd 93ea      	ST   -Y,R30
0005be 940c 032c 	JMP  _OutputRun
                 
                 ;OPTIMIZER ADDED SUBROUTINE, CALLED 3 TIMES, CODE SIZE REDUCTION:1 WORDS
                 SUBOPT_0x5:
0005c0 e0e0      	LDI  R30,LOW(0)
0005c1 93ea      	ST   -Y,R30
0005c2 940c 032c 	JMP  _OutputRun
                 
                 ;OPTIMIZER ADDED SUBROUTINE, CALLED 3 TIMES, CODE SIZE REDUCTION:3 WORDS
                 SUBOPT_0x6:
0005c4 e0ae      	LDI  R26,LOW(14)
0005c5 9f1a      	MUL  R17,R26
0005c6 01f0      	MOVW R30,R0
                +
0005c7 5fef     +SUBI R30 , LOW ( - _Output - ( 8 ) )
0005c8 4ff9     +SBCI R31 , HIGH ( - _Output - ( 8 ) )
                 	__ADDW1MN _Output,8
0005c9 9508      	RET
                 
                 ;OPTIMIZER ADDED SUBROUTINE, CALLED 3 TIMES, CODE SIZE REDUCTION:1 WORDS
                 SUBOPT_0x7:
0005ca 940e 0694 	CALL __PUTDZ20
0005cc 9508      	RET
                 
                 ;OPTIMIZER ADDED SUBROUTINE, CALLED 2 TIMES, CODE SIZE REDUCTION:1 WORDS
                 SUBOPT_0x8:
0005cd 83a0      	STD  Z+0,R26
0005ce e0ae      	LDI  R26,LOW(14)
0005cf 9f1a      	MUL  R17,R26
0005d0 01f0      	MOVW R30,R0
                +
0005d1 5fea     +SUBI R30 , LOW ( - _Output - ( 13 ) )
0005d2 4ff9     +SBCI R31 , HIGH ( - _Output - ( 13 ) )
                 	__ADDW1MN _Output,13
0005d3 9508      	RET
                 
                 ;OPTIMIZER ADDED SUBROUTINE, CALLED 3 TIMES, CODE SIZE REDUCTION:1 WORDS
                 SUBOPT_0x9:
0005d4 efa5      	LDI  R26,LOW(_Speed_Random)
0005d5 e0b5      	LDI  R27,HIGH(_Speed_Random)
0005d6 cfd9      	RJMP SUBOPT_0x3
                 
                 ;OPTIMIZER ADDED SUBROUTINE, CALLED 2 TIMES, CODE SIZE REDUCTION:7 WORDS
                 SUBOPT_0xA:
0005d7 2de4      	MOV  R30,R4
0005d8 e0f0      	LDI  R31,0
0005d9 940e 0652 	CALL __CWD1
                +
0005db e6a5     +LDI R26 , LOW ( 0x165 )
0005dc e0b1     +LDI R27 , HIGH ( 0x165 )
0005dd e080     +LDI R24 , BYTE3 ( 0x165 )
0005de e090     +LDI R25 , BYTE4 ( 0x165 )
                 	__GETD2N 0x165
0005df 940e 0657 	CALL __MULD12U
0005e1 9508      	RET
                 
                 ;OPTIMIZER ADDED SUBROUTINE, CALLED 2 TIMES, CODE SIZE REDUCTION:1 WORDS
                 SUBOPT_0xB:
0005e2 940e 0686 	CALL __PUTDP1
0005e4 e2ea      	LDI  R30,LOW(_log1)
0005e5 e0f5      	LDI  R31,HIGH(_log1)
0005e6 93fa      	ST   -Y,R31
0005e7 93ea      	ST   -Y,R30
0005e8 9508      	RET
                 
                 ;OPTIMIZER ADDED SUBROUTINE, CALLED 4 TIMES, CODE SIZE REDUCTION:3 WORDS
                 SUBOPT_0xC:
0005e9 93fa      	ST   -Y,R31
0005ea 93ea      	ST   -Y,R30
0005eb 940c 0313 	JMP  _DBG_SendStr
                 
                 ;OPTIMIZER ADDED SUBROUTINE, CALLED 3 TIMES, CODE SIZE REDUCTION:3 WORDS
                 SUBOPT_0xD:
0005ed 27ff      	CLR  R31
0005ee 2766      	CLR  R22
0005ef 2777      	CLR  R23
0005f0 940e 0699 	CALL __PUTPARD1
0005f2 9508      	RET
                 
                 ;OPTIMIZER ADDED SUBROUTINE, CALLED 2 TIMES, CODE SIZE REDUCTION:1 WORDS
                 SUBOPT_0xE:
0005f3 93e0 05f2 	STS  _logLen,R30
0005f5 e2ea      	LDI  R30,LOW(_log1)
0005f6 e0f5      	LDI  R31,HIGH(_log1)
0005f7 cff1      	RJMP SUBOPT_0xC
                 
                 ;OPTIMIZER ADDED SUBROUTINE, CALLED 4 TIMES, CODE SIZE REDUCTION:15 WORDS
                 SUBOPT_0xF:
0005f8 940e 02eb 	CALL _Reset_WDT
0005fa efe4      	LDI  R30,LOW(500)
0005fb e0f1      	LDI  R31,HIGH(500)
0005fc 93fa      	ST   -Y,R31
0005fd 93ea      	ST   -Y,R30
0005fe 940c 0639 	JMP  _delay_ms
                 
                 ;OPTIMIZER ADDED SUBROUTINE, CALLED 5 TIMES, CODE SIZE REDUCTION:21 WORDS
                 SUBOPT_0x10:
000600 932a      	ST   -Y,R18
000601 85ed      	LDD  R30,Y+13
000602 85fe      	LDD  R31,Y+13+1
000603 93fa      	ST   -Y,R31
000604 93ea      	ST   -Y,R30
000605 89e9      	LDD  R30,Y+17
000606 89fa      	LDD  R31,Y+17+1
000607 9509      	ICALL
000608 9508      	RET
                 
                 ;OPTIMIZER ADDED SUBROUTINE, CALLED 5 TIMES, CODE SIZE REDUCTION:9 WORDS
                 SUBOPT_0x11:
000609 89e8      	LDD  R30,Y+16
00060a 89f9      	LDD  R31,Y+16+1
00060b 9734      	SBIW R30,4
00060c 8be8      	STD  Y+16,R30
00060d 8bf9      	STD  Y+16+1,R31
00060e 9508      	RET
                 
                 ;OPTIMIZER ADDED SUBROUTINE, CALLED 3 TIMES, CODE SIZE REDUCTION:7 WORDS
                 SUBOPT_0x12:
00060f 85ed      	LDD  R30,Y+13
000610 85fe      	LDD  R31,Y+13+1
000611 93fa      	ST   -Y,R31
000612 93ea      	ST   -Y,R30
000613 89e9      	LDD  R30,Y+17
000614 89fa      	LDD  R31,Y+17+1
000615 9509      	ICALL
000616 9508      	RET
                 
                 ;OPTIMIZER ADDED SUBROUTINE, CALLED 2 TIMES, CODE SIZE REDUCTION:6 WORDS
                 SUBOPT_0x13:
000617 89a8      	LDD  R26,Y+16
000618 89b9      	LDD  R27,Y+16+1
000619 9614      	ADIW R26,4
00061a 940e 0677 	CALL __GETW1P
00061c 83ee      	STD  Y+6,R30
00061d 83ff      	STD  Y+6+1,R31
00061e 93fa      	ST   -Y,R31
00061f 93ea      	ST   -Y,R30
000620 9508      	RET
                 
                 ;OPTIMIZER ADDED SUBROUTINE, CALLED 2 TIMES, CODE SIZE REDUCTION:2 WORDS
                 SUBOPT_0x14:
000621 89a8      	LDD  R26,Y+16
000622 89b9      	LDD  R27,Y+16+1
000623 9614      	ADIW R26,4
000624 940e 0677 	CALL __GETW1P
000626 87ea      	STD  Y+10,R30
000627 87fb      	STD  Y+10+1,R31
000628 9508      	RET
                 
                 ;OPTIMIZER ADDED SUBROUTINE, CALLED 2 TIMES, CODE SIZE REDUCTION:1 WORDS
                 SUBOPT_0x15:
000629 01de      	MOVW R26,R28
00062a 961c      	ADIW R26,12
00062b 940e 0645 	CALL __ADDW2R15
00062d 940e 0677 	CALL __GETW1P
00062f 9508      	RET
                 
                 ;OPTIMIZER ADDED SUBROUTINE, CALLED 2 TIMES, CODE SIZE REDUCTION:3 WORDS
                 SUBOPT_0x16:
000630 93e0 0623 	STS  __seed_G101,R30
000632 93f0 0624 	STS  __seed_G101+1,R31
000634 9360 0625 	STS  __seed_G101+2,R22
000636 9370 0626 	STS  __seed_G101+3,R23
000638 9508      	RET
                 
                 
                 	.CSEG
                 _delay_ms:
000639 91e9      	ld   r30,y+
00063a 91f9      	ld   r31,y+
00063b 9630      	adiw r30,0
00063c f039      	breq __delay_ms1
                 __delay_ms0:
                +
00063d ed80     +LDI R24 , LOW ( 0x7D0 )
00063e e097     +LDI R25 , HIGH ( 0x7D0 )
                +__DELAY_USW_LOOP :
00063f 9701     +SBIW R24 , 1
000640 f7f1     +BRNE __DELAY_USW_LOOP
                 	__DELAY_USW 0x7D0
000641 95a8      	wdr
000642 9731      	sbiw r30,1
000643 f7c9      	brne __delay_ms0
                 __delay_ms1:
000644 9508      	ret
                 
                 __ADDW2R15:
000645 2400      	CLR  R0
000646 0daf      	ADD  R26,R15
000647 1db0      	ADC  R27,R0
000648 9508      	RET
                 
                 __ADDD12:
000649 0fea      	ADD  R30,R26
00064a 1ffb      	ADC  R31,R27
00064b 1f68      	ADC  R22,R24
00064c 1f79      	ADC  R23,R25
00064d 9508      	RET
                 
                 __ANEGW1:
00064e 95f1      	NEG  R31
00064f 95e1      	NEG  R30
000650 40f0      	SBCI R31,0
000651 9508      	RET
                 
                 __CWD1:
000652 2f6f      	MOV  R22,R31
000653 0f66      	ADD  R22,R22
000654 0b66      	SBC  R22,R22
000655 2f76      	MOV  R23,R22
000656 9508      	RET
                 
                 __MULD12U:
000657 9f7a      	MUL  R23,R26
000658 2d70      	MOV  R23,R0
000659 9f6b      	MUL  R22,R27
00065a 0d70      	ADD  R23,R0
00065b 9ff8      	MUL  R31,R24
00065c 0d70      	ADD  R23,R0
00065d 9fe9      	MUL  R30,R25
00065e 0d70      	ADD  R23,R0
00065f 9f6a      	MUL  R22,R26
000660 2d60      	MOV  R22,R0
000661 0d71      	ADD  R23,R1
000662 9ffb      	MUL  R31,R27
000663 0d60      	ADD  R22,R0
000664 1d71      	ADC  R23,R1
000665 9fe8      	MUL  R30,R24
000666 0d60      	ADD  R22,R0
000667 1d71      	ADC  R23,R1
000668 2788      	CLR  R24
000669 9ffa      	MUL  R31,R26
00066a 2df0      	MOV  R31,R0
00066b 0d61      	ADD  R22,R1
00066c 1f78      	ADC  R23,R24
00066d 9feb      	MUL  R30,R27
00066e 0df0      	ADD  R31,R0
00066f 1d61      	ADC  R22,R1
000670 1f78      	ADC  R23,R24
000671 9fea      	MUL  R30,R26
000672 2de0      	MOV  R30,R0
000673 0df1      	ADD  R31,R1
000674 1f68      	ADC  R22,R24
000675 1f78      	ADC  R23,R24
000676 9508      	RET
                 
                 __GETW1P:
000677 91ed      	LD   R30,X+
000678 91fc      	LD   R31,X
000679 9711      	SBIW R26,1
00067a 9508      	RET
                 
                 __GETD1P:
00067b 91ed      	LD   R30,X+
00067c 91fd      	LD   R31,X+
00067d 916d      	LD   R22,X+
00067e 917c      	LD   R23,X
00067f 9713      	SBIW R26,3
000680 9508      	RET
                 
                 __GETD1P_INC:
000681 91ed      	LD   R30,X+
000682 91fd      	LD   R31,X+
000683 916d      	LD   R22,X+
000684 917d      	LD   R23,X+
000685 9508      	RET
                 
                 __PUTDP1:
000686 93ed      	ST   X+,R30
000687 93fd      	ST   X+,R31
000688 936d      	ST   X+,R22
000689 937c      	ST   X,R23
00068a 9508      	RET
                 
                 __PUTDP1_DEC:
00068b 937e      	ST   -X,R23
00068c 936e      	ST   -X,R22
00068d 93fe      	ST   -X,R31
00068e 93ee      	ST   -X,R30
00068f 9508      	RET
                 
                 __GETW1PF:
000690 9005      	LPM  R0,Z+
000691 91f4      	LPM  R31,Z
000692 2de0      	MOV  R30,R0
000693 9508      	RET
                 
                 __PUTDZ20:
000694 83a0      	ST   Z,R26
000695 83b1      	STD  Z+1,R27
000696 8382      	STD  Z+2,R24
000697 8393      	STD  Z+3,R25
000698 9508      	RET
                 
                 __PUTPARD1:
000699 937a      	ST   -Y,R23
00069a 936a      	ST   -Y,R22
00069b 93fa      	ST   -Y,R31
00069c 93ea      	ST   -Y,R30
00069d 9508      	RET
                 
                 __CPD21:
00069e 17ae      	CP   R26,R30
00069f 07bf      	CPC  R27,R31
0006a0 0786      	CPC  R24,R22
0006a1 0797      	CPC  R25,R23
0006a2 9508      	RET
                 
                 __SAVELOCR6:
0006a3 935a      	ST   -Y,R21
                 __SAVELOCR5:
0006a4 934a      	ST   -Y,R20
                 __SAVELOCR4:
0006a5 933a      	ST   -Y,R19
                 __SAVELOCR3:
0006a6 932a      	ST   -Y,R18
                 __SAVELOCR2:
0006a7 931a      	ST   -Y,R17
0006a8 930a      	ST   -Y,R16
0006a9 9508      	RET
                 
                 __LOADLOCR6:
0006aa 815d      	LDD  R21,Y+5
                 __LOADLOCR5:
0006ab 814c      	LDD  R20,Y+4
                 __LOADLOCR4:
0006ac 813b      	LDD  R19,Y+3
                 __LOADLOCR3:
0006ad 812a      	LDD  R18,Y+2
                 __LOADLOCR2:
0006ae 8119      	LDD  R17,Y+1
0006af 8108      	LD   R16,Y
0006b0 9508      	RET
                 
                 ;END OF CODE MARKER
                 __END_OF_CODE:


RESOURCE USE INFORMATION
------------------------

Notice:
The register and instruction counts are symbol table hit counts,
and hence implicitly used resources are not counted, eg, the
'lpm' instruction without operands implicitly uses r0 and z,
none of which are counted.

x,y,z are separate entities in the symbol table and are
counted separately from r26..r31 here.

.dseg memory usage only counts static data declared with .byte

ATmega64 register use summary:
r0 :  30 r1 :   9 r2 :   0 r3 :   0 r4 :   5 r5 :   6 r6 :   4 r7 :   2 
r8 :   2 r9 :   0 r10:   4 r11:   2 r12:   0 r13:   0 r14:   0 r15:   7 
r16:  47 r17:  65 r18:  29 r19:   8 r20:   9 r21:  17 r22:  41 r23:  32 
r24:  32 r25:  17 r26: 116 r27:  47 r28:  20 r29:   1 r30: 325 r31: 132 
x  :  39 y  : 233 z  :  25 
Registers used: 29 out of 35 (82.9%)

ATmega64 instruction use summary:
.lds  :   0 .lds.l:   0 .sts  :   0 .sts.l:   0 adc   :  12 add   :  14 
adiw  :  34 and   :   0 andi  :   5 asr   :   0 bclr  :   0 bld   :   0 
brbc  :   0 brbs  :   0 brcc  :   0 brcs  :   0 break :   0 breq  :  36 
brge  :   0 brhc  :   0 brhs  :   0 brid  :   0 brie  :   0 brlo  :  10 
brlt  :   0 brmi  :   1 brne  :  15 brpl  :   1 brsh  :  13 brtc  :   0 
brts  :   0 brvc  :   0 brvs  :   0 bset  :   0 bst   :   0 call  : 130 
cbi   :   5 cbr   :   0 clc   :   0 clh   :   0 cli   :   2 cln   :   0 
clr   :  16 cls   :   0 clt   :   0 clv   :   0 clz   :   0 com   :   0 
cp    :  10 cpc   :  11 cpi   :  47 cpse  :   0 dec   :   1 des   :   0 
eor   :   0 fmul  :   0 fmuls :   0 fmulsu:   0 icall :   2 ijmp  :   0 
in    :   2 inc   :   0 jmp   : 105 ld    :  48 ldd   :  90 ldi   : 167 
lds   :   4 lpm   :  14 lsl   :   0 lsr   :   0 mov   :  28 movw  :  33 
mul   :  18 muls  :   0 mulsu :   0 neg   :   2 nop   :   0 or    :   0 
ori   :   8 out   :  25 pop   :  18 push  :  17 rcall :   0 ret   :  63 
reti  :   4 rjmp  :  77 rol   :   0 ror   :   0 sbc   :   2 sbci  :  23 
sbi   :  18 sbic  :   1 sbis  :   0 sbiw  :  23 sbr   :   0 sbrc  :   2 
sbrs  :  10 sec   :   0 seh   :   0 sei   :   2 sen   :   0 ser   :   0 
ses   :   0 set   :   0 sev   :   0 sez   :   0 sleep :   0 spm   :   0 
st    : 111 std   :  36 sts   :  15 sub   :   1 subi  :  31 swap  :   0 
tst   :   4 wdr   :   2 
Instructions used: 52 out of 116 (44.8%)

ATmega64 memory use summary [bytes]:
Segment   Begin    End      Code   Data   Used    Size   Use%
---------------------------------------------------------------
[.cseg] 0x000000 0x000d62   3242    184   3426   65536   5.2%
[.dseg] 0x000100 0x000627      0    295    295    4351   6.8%
[.eseg] 0x000000 0x000000      0      0      0    2048   0.0%

Assembly complete, 0 errors, 12 warnings
